<?xml version="1.0" encoding="UTF-8"?>
<gpx creator="EntryCentral Export" xmlns:xsi="http://www.w3.org/2001/XMLSchema-instance" xsi:schemaLocation="http://www.topografix.com/GPX/1/1 http://www.topografix.com/GPX/1/1/gpx.xsd" version="1.1" xmlns="http://www.topografix.com/GPX/1/1">
    <trk>
        <name>tqcc summer solstice sportive 26 route</name>
        <trkseg>
                        <trkpt lat="54.5646" lon="-5.94268">
                <ele>24.01</ele>
            </trkpt>
                        <trkpt lat="54.5649" lon="-5.94393">
                <ele>26.22</ele>
            </trkpt>
                        <trkpt lat="54.5651" lon="-5.94518">
                <ele>28.1</ele>
            </trkpt>
                        <trkpt lat="54.5653" lon="-5.94643">
                <ele>29.97</ele>
            </trkpt>
                        <trkpt lat="54.5656" lon="-5.94768">
                <ele>31.11</ele>
            </trkpt>
                        <trkpt lat="54.5658" lon="-5.94893">
                <ele>31.1</ele>
            </trkpt>
                        <trkpt lat="54.5661" lon="-5.95018">
                <ele>30.05</ele>
            </trkpt>
                        <trkpt lat="54.5654" lon="-5.95065">
                <ele>30.08</ele>
            </trkpt>
                        <trkpt lat="54.5647" lon="-5.95112">
                <ele>30.85</ele>
            </trkpt>
                        <trkpt lat="54.5641" lon="-5.9515">
                <ele>30.96</ele>
            </trkpt>
                        <trkpt lat="54.5634" lon="-5.95201">
                <ele>30.67</ele>
            </trkpt>
                        <trkpt lat="54.5632" lon="-5.95213">
                <ele>30.66</ele>
            </trkpt>
                        <trkpt lat="54.5629" lon="-5.95225">
                <ele>30.92</ele>
            </trkpt>
                        <trkpt lat="54.5624" lon="-5.95235">
                <ele>31.55</ele>
            </trkpt>
                        <trkpt lat="54.5621" lon="-5.95242">
                <ele>31.87</ele>
            </trkpt>
                        <trkpt lat="54.5616" lon="-5.95261">
                <ele>31.99</ele>
            </trkpt>
                        <trkpt lat="54.5614" lon="-5.95272">
                <ele>32.27</ele>
            </trkpt>
                        <trkpt lat="54.5612" lon="-5.95284">
                <ele>32.34</ele>
            </trkpt>
                        <trkpt lat="54.5607" lon="-5.95327">
                <ele>32.27</ele>
            </trkpt>
                        <trkpt lat="54.5602" lon="-5.95384">
                <ele>33.01</ele>
            </trkpt>
                        <trkpt lat="54.5596" lon="-5.95433">
                <ele>34.11</ele>
            </trkpt>
                        <trkpt lat="54.5592" lon="-5.95468">
                <ele>34.65</ele>
            </trkpt>
                        <trkpt lat="54.559" lon="-5.95485">
                <ele>34.74</ele>
            </trkpt>
                        <trkpt lat="54.5589" lon="-5.95507">
                <ele>34.84</ele>
            </trkpt>
                        <trkpt lat="54.5587" lon="-5.9552">
                <ele>34.96</ele>
            </trkpt>
                        <trkpt lat="54.5586" lon="-5.95527">
                <ele>35.24</ele>
            </trkpt>
                        <trkpt lat="54.5583" lon="-5.9553">
                <ele>35.43</ele>
            </trkpt>
                        <trkpt lat="54.5582" lon="-5.95543">
                <ele>35.63</ele>
            </trkpt>
                        <trkpt lat="54.5579" lon="-5.9557">
                <ele>36.21</ele>
            </trkpt>
                        <trkpt lat="54.5579" lon="-5.95586">
                <ele>36.23</ele>
            </trkpt>
                        <trkpt lat="54.5579" lon="-5.95602">
                <ele>36.14</ele>
            </trkpt>
                        <trkpt lat="54.5579" lon="-5.95621">
                <ele>35.86</ele>
            </trkpt>
                        <trkpt lat="54.5581" lon="-5.95639">
                <ele>35.41</ele>
            </trkpt>
                        <trkpt lat="54.5582" lon="-5.9567">
                <ele>33.25</ele>
            </trkpt>
                        <trkpt lat="54.5582" lon="-5.95683">
                <ele>33.25</ele>
            </trkpt>
                        <trkpt lat="54.5583" lon="-5.95707">
                <ele>32.47</ele>
            </trkpt>
                        <trkpt lat="54.5582" lon="-5.95763">
                <ele>31.29</ele>
            </trkpt>
                        <trkpt lat="54.558" lon="-5.95861">
                <ele>30.87</ele>
            </trkpt>
                        <trkpt lat="54.558" lon="-5.95903">
                <ele>31.41</ele>
            </trkpt>
                        <trkpt lat="54.558" lon="-5.95985">
                <ele>31.79</ele>
            </trkpt>
                        <trkpt lat="54.5579" lon="-5.96067">
                <ele>31.41</ele>
            </trkpt>
                        <trkpt lat="54.5579" lon="-5.96124">
                <ele>30.91</ele>
            </trkpt>
                        <trkpt lat="54.5577" lon="-5.96196">
                <ele>30.45</ele>
            </trkpt>
                        <trkpt lat="54.5575" lon="-5.96263">
                <ele>29.53</ele>
            </trkpt>
                        <trkpt lat="54.5573" lon="-5.96304">
                <ele>29.22</ele>
            </trkpt>
                        <trkpt lat="54.557" lon="-5.96344">
                <ele>28.37</ele>
            </trkpt>
                        <trkpt lat="54.5566" lon="-5.96428">
                <ele>27.15</ele>
            </trkpt>
                        <trkpt lat="54.5561" lon="-5.96511">
                <ele>26.7</ele>
            </trkpt>
                        <trkpt lat="54.5557" lon="-5.96595">
                <ele>27.96</ele>
            </trkpt>
                        <trkpt lat="54.5555" lon="-5.96628">
                <ele>28.64</ele>
            </trkpt>
                        <trkpt lat="54.5552" lon="-5.96681">
                <ele>28.89</ele>
            </trkpt>
                        <trkpt lat="54.5551" lon="-5.96736">
                <ele>28.98</ele>
            </trkpt>
                        <trkpt lat="54.555" lon="-5.96773">
                <ele>28.93</ele>
            </trkpt>
                        <trkpt lat="54.5549" lon="-5.96865">
                <ele>27.47</ele>
            </trkpt>
                        <trkpt lat="54.5548" lon="-5.96904">
                <ele>26.78</ele>
            </trkpt>
                        <trkpt lat="54.5547" lon="-5.96944">
                <ele>25.97</ele>
            </trkpt>
                        <trkpt lat="54.5544" lon="-5.97025">
                <ele>25.08</ele>
            </trkpt>
                        <trkpt lat="54.5543" lon="-5.97072">
                <ele>25.17</ele>
            </trkpt>
                        <trkpt lat="54.5541" lon="-5.97175">
                <ele>27.11</ele>
            </trkpt>
                        <trkpt lat="54.5539" lon="-5.97219">
                <ele>28.43</ele>
            </trkpt>
                        <trkpt lat="54.5538" lon="-5.97256">
                <ele>30.34</ele>
            </trkpt>
                        <trkpt lat="54.5536" lon="-5.97296">
                <ele>31.36</ele>
            </trkpt>
                        <trkpt lat="54.5533" lon="-5.97337">
                <ele>33.26</ele>
            </trkpt>
                        <trkpt lat="54.5529" lon="-5.97386">
                <ele>34.98</ele>
            </trkpt>
                        <trkpt lat="54.5524" lon="-5.97435">
                <ele>36.87</ele>
            </trkpt>
                        <trkpt lat="54.552" lon="-5.97494">
                <ele>39.96</ele>
            </trkpt>
                        <trkpt lat="54.5517" lon="-5.97533">
                <ele>42.23</ele>
            </trkpt>
                        <trkpt lat="54.5512" lon="-5.9757">
                <ele>45.02</ele>
            </trkpt>
                        <trkpt lat="54.5509" lon="-5.97585">
                <ele>45.98</ele>
            </trkpt>
                        <trkpt lat="54.5504" lon="-5.97601">
                <ele>46.48</ele>
            </trkpt>
                        <trkpt lat="54.5498" lon="-5.97606">
                <ele>46.19</ele>
            </trkpt>
                        <trkpt lat="54.5493" lon="-5.9762">
                <ele>46.75</ele>
            </trkpt>
                        <trkpt lat="54.549" lon="-5.97636">
                <ele>47.26</ele>
            </trkpt>
                        <trkpt lat="54.5486" lon="-5.97655">
                <ele>48.54</ele>
            </trkpt>
                        <trkpt lat="54.5483" lon="-5.97677">
                <ele>49.15</ele>
            </trkpt>
                        <trkpt lat="54.5477" lon="-5.97743">
                <ele>49.83</ele>
            </trkpt>
                        <trkpt lat="54.5475" lon="-5.97761">
                <ele>49.68</ele>
            </trkpt>
                        <trkpt lat="54.5472" lon="-5.97775">
                <ele>48.86</ele>
            </trkpt>
                        <trkpt lat="54.5467" lon="-5.9778">
                <ele>47.32</ele>
            </trkpt>
                        <trkpt lat="54.5463" lon="-5.97778">
                <ele>45.91</ele>
            </trkpt>
                        <trkpt lat="54.5457" lon="-5.97772">
                <ele>45.33</ele>
            </trkpt>
                        <trkpt lat="54.5452" lon="-5.97766">
                <ele>45.53</ele>
            </trkpt>
                        <trkpt lat="54.5449" lon="-5.97764">
                <ele>45.52</ele>
            </trkpt>
                        <trkpt lat="54.5447" lon="-5.97764">
                <ele>45.38</ele>
            </trkpt>
                        <trkpt lat="54.5444" lon="-5.97769">
                <ele>45.19</ele>
            </trkpt>
                        <trkpt lat="54.5439" lon="-5.97778">
                <ele>44.13</ele>
            </trkpt>
                        <trkpt lat="54.5434" lon="-5.97787">
                <ele>41.71</ele>
            </trkpt>
                        <trkpt lat="54.5428" lon="-5.97799">
                <ele>40.14</ele>
            </trkpt>
                        <trkpt lat="54.5423" lon="-5.97812">
                <ele>39.03</ele>
            </trkpt>
                        <trkpt lat="54.5422" lon="-5.97822">
                <ele>38.76</ele>
            </trkpt>
                        <trkpt lat="54.542" lon="-5.97834">
                <ele>38.59</ele>
            </trkpt>
                        <trkpt lat="54.5416" lon="-5.97886">
                <ele>36.64</ele>
            </trkpt>
                        <trkpt lat="54.5411" lon="-5.97937">
                <ele>34.32</ele>
            </trkpt>
                        <trkpt lat="54.5408" lon="-5.97983">
                <ele>33.32</ele>
            </trkpt>
                        <trkpt lat="54.5406" lon="-5.98">
                <ele>32.95</ele>
            </trkpt>
                        <trkpt lat="54.5402" lon="-5.98037">
                <ele>34.11</ele>
            </trkpt>
                        <trkpt lat="54.5398" lon="-5.98075">
                <ele>35.15</ele>
            </trkpt>
                        <trkpt lat="54.5393" lon="-5.98134">
                <ele>34.56</ele>
            </trkpt>
                        <trkpt lat="54.539" lon="-5.98162">
                <ele>33.12</ele>
            </trkpt>
                        <trkpt lat="54.5382" lon="-5.98193">
                <ele>28.29</ele>
            </trkpt>
                        <trkpt lat="54.5375" lon="-5.98225">
                <ele>23.63</ele>
            </trkpt>
                        <trkpt lat="54.5368" lon="-5.98256">
                <ele>19.38</ele>
            </trkpt>
                        <trkpt lat="54.5368" lon="-5.98257">
                <ele>19.31</ele>
            </trkpt>
                        <trkpt lat="54.5365" lon="-5.98268">
                <ele>17.76</ele>
            </trkpt>
                        <trkpt lat="54.536" lon="-5.98284">
                <ele>16.57</ele>
            </trkpt>
                        <trkpt lat="54.5353" lon="-5.9831">
                <ele>14.09</ele>
            </trkpt>
                        <trkpt lat="54.5349" lon="-5.98317">
                <ele>14.04</ele>
            </trkpt>
                        <trkpt lat="54.5347" lon="-5.98322">
                <ele>14.08</ele>
            </trkpt>
                        <trkpt lat="54.5346" lon="-5.98334">
                <ele>14.09</ele>
            </trkpt>
                        <trkpt lat="54.5345" lon="-5.98369">
                <ele>14.17</ele>
            </trkpt>
                        <trkpt lat="54.534" lon="-5.98499">
                <ele>16.69</ele>
            </trkpt>
                        <trkpt lat="54.5335" lon="-5.98476">
                <ele>17.11</ele>
            </trkpt>
                        <trkpt lat="54.5329" lon="-5.98453">
                <ele>17.12</ele>
            </trkpt>
                        <trkpt lat="54.5323" lon="-5.98429">
                <ele>17.63</ele>
            </trkpt>
                        <trkpt lat="54.5321" lon="-5.98419">
                <ele>18.19</ele>
            </trkpt>
                        <trkpt lat="54.5317" lon="-5.98387">
                <ele>19.85</ele>
            </trkpt>
                        <trkpt lat="54.5313" lon="-5.9835">
                <ele>21.75</ele>
            </trkpt>
                        <trkpt lat="54.5312" lon="-5.98339">
                <ele>21.75</ele>
            </trkpt>
                        <trkpt lat="54.5312" lon="-5.98329">
                <ele>22.38</ele>
            </trkpt>
                        <trkpt lat="54.5309" lon="-5.98286">
                <ele>24.24</ele>
            </trkpt>
                        <trkpt lat="54.5303" lon="-5.98181">
                <ele>29.7</ele>
            </trkpt>
                        <trkpt lat="54.53" lon="-5.98142">
                <ele>30.44</ele>
            </trkpt>
                        <trkpt lat="54.5298" lon="-5.98118">
                <ele>31.65</ele>
            </trkpt>
                        <trkpt lat="54.5296" lon="-5.98097">
                <ele>32.38</ele>
            </trkpt>
                        <trkpt lat="54.5293" lon="-5.98084">
                <ele>32.49</ele>
            </trkpt>
                        <trkpt lat="54.529" lon="-5.98071">
                <ele>32.71</ele>
            </trkpt>
                        <trkpt lat="54.5288" lon="-5.9807">
                <ele>32.55</ele>
            </trkpt>
                        <trkpt lat="54.528" lon="-5.98078">
                <ele>31.51</ele>
            </trkpt>
                        <trkpt lat="54.5276" lon="-5.98071">
                <ele>31.34</ele>
            </trkpt>
                        <trkpt lat="54.5272" lon="-5.98051">
                <ele>31.98</ele>
            </trkpt>
                        <trkpt lat="54.527" lon="-5.98038">
                <ele>32.26</ele>
            </trkpt>
                        <trkpt lat="54.5268" lon="-5.98026">
                <ele>32.47</ele>
            </trkpt>
                        <trkpt lat="54.5266" lon="-5.98001">
                <ele>33.44</ele>
            </trkpt>
                        <trkpt lat="54.5262" lon="-5.97956">
                <ele>34.85</ele>
            </trkpt>
                        <trkpt lat="54.5257" lon="-5.97911">
                <ele>35.19</ele>
            </trkpt>
                        <trkpt lat="54.5252" lon="-5.97866">
                <ele>34.56</ele>
            </trkpt>
                        <trkpt lat="54.5247" lon="-5.97827">
                <ele>34.48</ele>
            </trkpt>
                        <trkpt lat="54.5241" lon="-5.97789">
                <ele>34.62</ele>
            </trkpt>
                        <trkpt lat="54.5241" lon="-5.97804">
                <ele>33.63</ele>
            </trkpt>
                        <trkpt lat="54.5241" lon="-5.97805">
                <ele>33.58</ele>
            </trkpt>
                        <trkpt lat="54.5241" lon="-5.97789">
                <ele>34.62</ele>
            </trkpt>
                        <trkpt lat="54.5238" lon="-5.97773">
                <ele>34.76</ele>
            </trkpt>
                        <trkpt lat="54.5236" lon="-5.97763">
                <ele>34.99</ele>
            </trkpt>
                        <trkpt lat="54.5235" lon="-5.97733">
                <ele>35.69</ele>
            </trkpt>
                        <trkpt lat="54.5233" lon="-5.97715">
                <ele>36.49</ele>
            </trkpt>
                        <trkpt lat="54.5231" lon="-5.97691">
                <ele>37.61</ele>
            </trkpt>
                        <trkpt lat="54.5227" lon="-5.97627">
                <ele>41.28</ele>
            </trkpt>
                        <trkpt lat="54.5226" lon="-5.9762">
                <ele>41.61</ele>
            </trkpt>
                        <trkpt lat="54.5219" lon="-5.97599">
                <ele>42.11</ele>
            </trkpt>
                        <trkpt lat="54.5216" lon="-5.97594">
                <ele>43</ele>
            </trkpt>
                        <trkpt lat="54.5214" lon="-5.97595">
                <ele>43.08</ele>
            </trkpt>
                        <trkpt lat="54.5211" lon="-5.97601">
                <ele>45.35</ele>
            </trkpt>
                        <trkpt lat="54.5209" lon="-5.97597">
                <ele>46.01</ele>
            </trkpt>
                        <trkpt lat="54.5208" lon="-5.97592">
                <ele>46</ele>
            </trkpt>
                        <trkpt lat="54.5205" lon="-5.97562">
                <ele>44.53</ele>
            </trkpt>
                        <trkpt lat="54.5204" lon="-5.9755">
                <ele>43.76</ele>
            </trkpt>
                        <trkpt lat="54.5201" lon="-5.9754">
                <ele>43.42</ele>
            </trkpt>
                        <trkpt lat="54.52" lon="-5.97536">
                <ele>43.68</ele>
            </trkpt>
                        <trkpt lat="54.5195" lon="-5.97532">
                <ele>44.68</ele>
            </trkpt>
                        <trkpt lat="54.5191" lon="-5.97525">
                <ele>47.68</ele>
            </trkpt>
                        <trkpt lat="54.519" lon="-5.97522">
                <ele>49.44</ele>
            </trkpt>
                        <trkpt lat="54.5189" lon="-5.97517">
                <ele>49.44</ele>
            </trkpt>
                        <trkpt lat="54.5188" lon="-5.97508">
                <ele>50.8</ele>
            </trkpt>
                        <trkpt lat="54.5187" lon="-5.97475">
                <ele>51.33</ele>
            </trkpt>
                        <trkpt lat="54.5186" lon="-5.97439">
                <ele>53.31</ele>
            </trkpt>
                        <trkpt lat="54.5186" lon="-5.97409">
                <ele>53.82</ele>
            </trkpt>
                        <trkpt lat="54.5187" lon="-5.97357">
                <ele>55.36</ele>
            </trkpt>
                        <trkpt lat="54.5187" lon="-5.9734">
                <ele>55.91</ele>
            </trkpt>
                        <trkpt lat="54.5185" lon="-5.97259">
                <ele>57.51</ele>
            </trkpt>
                        <trkpt lat="54.5185" lon="-5.97235">
                <ele>57.92</ele>
            </trkpt>
                        <trkpt lat="54.5186" lon="-5.97154">
                <ele>59.63</ele>
            </trkpt>
                        <trkpt lat="54.5186" lon="-5.97073">
                <ele>62.32</ele>
            </trkpt>
                        <trkpt lat="54.5186" lon="-5.97057">
                <ele>63.19</ele>
            </trkpt>
                        <trkpt lat="54.5184" lon="-5.96982">
                <ele>65.07</ele>
            </trkpt>
                        <trkpt lat="54.5184" lon="-5.96975">
                <ele>65.07</ele>
            </trkpt>
                        <trkpt lat="54.5183" lon="-5.96963">
                <ele>66.18</ele>
            </trkpt>
                        <trkpt lat="54.5181" lon="-5.96958">
                <ele>66.18</ele>
            </trkpt>
                        <trkpt lat="54.5175" lon="-5.96942">
                <ele>69.28</ele>
            </trkpt>
                        <trkpt lat="54.5168" lon="-5.96926">
                <ele>71.29</ele>
            </trkpt>
                        <trkpt lat="54.5165" lon="-5.96902">
                <ele>72.78</ele>
            </trkpt>
                        <trkpt lat="54.5163" lon="-5.96883">
                <ele>76.16</ele>
            </trkpt>
                        <trkpt lat="54.5156" lon="-5.96802">
                <ele>81.55</ele>
            </trkpt>
                        <trkpt lat="54.5155" lon="-5.96785">
                <ele>81.55</ele>
            </trkpt>
                        <trkpt lat="54.5154" lon="-5.96743">
                <ele>83.55</ele>
            </trkpt>
                        <trkpt lat="54.5153" lon="-5.96637">
                <ele>87.14</ele>
            </trkpt>
                        <trkpt lat="54.5153" lon="-5.9651">
                <ele>92.3</ele>
            </trkpt>
                        <trkpt lat="54.5153" lon="-5.96497">
                <ele>93.45</ele>
            </trkpt>
                        <trkpt lat="54.5153" lon="-5.96491">
                <ele>93.45</ele>
            </trkpt>
                        <trkpt lat="54.5151" lon="-5.96475">
                <ele>94.58</ele>
            </trkpt>
                        <trkpt lat="54.5149" lon="-5.96456">
                <ele>95.97</ele>
            </trkpt>
                        <trkpt lat="54.5144" lon="-5.96419">
                <ele>97.31</ele>
            </trkpt>
                        <trkpt lat="54.5141" lon="-5.96409">
                <ele>97.62</ele>
            </trkpt>
                        <trkpt lat="54.514" lon="-5.96407">
                <ele>98.2</ele>
            </trkpt>
                        <trkpt lat="54.5139" lon="-5.96409">
                <ele>98.38</ele>
            </trkpt>
                        <trkpt lat="54.5137" lon="-5.96415">
                <ele>98.7</ele>
            </trkpt>
                        <trkpt lat="54.5136" lon="-5.96426">
                <ele>98.98</ele>
            </trkpt>
                        <trkpt lat="54.5135" lon="-5.9644">
                <ele>99.31</ele>
            </trkpt>
                        <trkpt lat="54.5134" lon="-5.96459">
                <ele>100.06</ele>
            </trkpt>
                        <trkpt lat="54.5133" lon="-5.96522">
                <ele>100.6</ele>
            </trkpt>
                        <trkpt lat="54.5132" lon="-5.96541">
                <ele>101.06</ele>
            </trkpt>
                        <trkpt lat="54.5126" lon="-5.96642">
                <ele>103.05</ele>
            </trkpt>
                        <trkpt lat="54.5121" lon="-5.96688">
                <ele>103.67</ele>
            </trkpt>
                        <trkpt lat="54.5115" lon="-5.96742">
                <ele>104.76</ele>
            </trkpt>
                        <trkpt lat="54.5109" lon="-5.96797">
                <ele>108.31</ele>
            </trkpt>
                        <trkpt lat="54.5105" lon="-5.96842">
                <ele>110.64</ele>
            </trkpt>
                        <trkpt lat="54.5099" lon="-5.96911">
                <ele>107.38</ele>
            </trkpt>
                        <trkpt lat="54.5095" lon="-5.96959">
                <ele>102.59</ele>
            </trkpt>
                        <trkpt lat="54.5091" lon="-5.97008">
                <ele>99.86</ele>
            </trkpt>
                        <trkpt lat="54.5089" lon="-5.97025">
                <ele>99.72</ele>
            </trkpt>
                        <trkpt lat="54.5088" lon="-5.97036">
                <ele>99.9</ele>
            </trkpt>
                        <trkpt lat="54.5086" lon="-5.97039">
                <ele>100.08</ele>
            </trkpt>
                        <trkpt lat="54.5079" lon="-5.97046">
                <ele>101.17</ele>
            </trkpt>
                        <trkpt lat="54.5074" lon="-5.97052">
                <ele>103.86</ele>
            </trkpt>
                        <trkpt lat="54.5071" lon="-5.9706">
                <ele>105.52</ele>
            </trkpt>
                        <trkpt lat="54.5066" lon="-5.9705">
                <ele>107.87</ele>
            </trkpt>
                        <trkpt lat="54.5063" lon="-5.97034">
                <ele>111.67</ele>
            </trkpt>
                        <trkpt lat="54.5061" lon="-5.97032">
                <ele>113.03</ele>
            </trkpt>
                        <trkpt lat="54.5059" lon="-5.97032">
                <ele>113.71</ele>
            </trkpt>
                        <trkpt lat="54.5057" lon="-5.97028">
                <ele>114.33</ele>
            </trkpt>
                        <trkpt lat="54.5054" lon="-5.96999">
                <ele>116.02</ele>
            </trkpt>
                        <trkpt lat="54.5053" lon="-5.96984">
                <ele>116.93</ele>
            </trkpt>
                        <trkpt lat="54.5051" lon="-5.96951">
                <ele>117.44</ele>
            </trkpt>
                        <trkpt lat="54.5049" lon="-5.96938">
                <ele>118.94</ele>
            </trkpt>
                        <trkpt lat="54.5047" lon="-5.96928">
                <ele>119.34</ele>
            </trkpt>
                        <trkpt lat="54.5046" lon="-5.96926">
                <ele>119.98</ele>
            </trkpt>
                        <trkpt lat="54.5043" lon="-5.96935">
                <ele>121.53</ele>
            </trkpt>
                        <trkpt lat="54.5042" lon="-5.96947">
                <ele>122.89</ele>
            </trkpt>
                        <trkpt lat="54.5041" lon="-5.96956">
                <ele>123.69</ele>
            </trkpt>
                        <trkpt lat="54.504" lon="-5.96973">
                <ele>125.84</ele>
            </trkpt>
                        <trkpt lat="54.5037" lon="-5.97022">
                <ele>131.28</ele>
            </trkpt>
                        <trkpt lat="54.503" lon="-5.9709">
                <ele>141.44</ele>
            </trkpt>
                        <trkpt lat="54.5026" lon="-5.97139">
                <ele>147.56</ele>
            </trkpt>
                        <trkpt lat="54.5025" lon="-5.97146">
                <ele>148.56</ele>
            </trkpt>
                        <trkpt lat="54.5022" lon="-5.97159">
                <ele>152.6</ele>
            </trkpt>
                        <trkpt lat="54.5017" lon="-5.97189">
                <ele>156.01</ele>
            </trkpt>
                        <trkpt lat="54.5014" lon="-5.97205">
                <ele>159.47</ele>
            </trkpt>
                        <trkpt lat="54.5012" lon="-5.97215">
                <ele>160.8</ele>
            </trkpt>
                        <trkpt lat="54.501" lon="-5.97228">
                <ele>161.41</ele>
            </trkpt>
                        <trkpt lat="54.5009" lon="-5.97243">
                <ele>161.5</ele>
            </trkpt>
                        <trkpt lat="54.5007" lon="-5.97271">
                <ele>161.42</ele>
            </trkpt>
                        <trkpt lat="54.5005" lon="-5.973">
                <ele>161.43</ele>
            </trkpt>
                        <trkpt lat="54.5002" lon="-5.97358">
                <ele>161.3</ele>
            </trkpt>
                        <trkpt lat="54.4999" lon="-5.97416">
                <ele>160.08</ele>
            </trkpt>
                        <trkpt lat="54.4998" lon="-5.9743">
                <ele>159.53</ele>
            </trkpt>
                        <trkpt lat="54.4994" lon="-5.9749">
                <ele>153.92</ele>
            </trkpt>
                        <trkpt lat="54.4989" lon="-5.9755">
                <ele>148.87</ele>
            </trkpt>
                        <trkpt lat="54.4986" lon="-5.97581">
                <ele>146.42</ele>
            </trkpt>
                        <trkpt lat="54.4984" lon="-5.97595">
                <ele>145.83</ele>
            </trkpt>
                        <trkpt lat="54.4983" lon="-5.97597">
                <ele>145.9</ele>
            </trkpt>
                        <trkpt lat="54.4981" lon="-5.97597">
                <ele>146.13</ele>
            </trkpt>
                        <trkpt lat="54.4975" lon="-5.97585">
                <ele>151.15</ele>
            </trkpt>
                        <trkpt lat="54.4974" lon="-5.97585">
                <ele>151.25</ele>
            </trkpt>
                        <trkpt lat="54.4973" lon="-5.97588">
                <ele>151.26</ele>
            </trkpt>
                        <trkpt lat="54.4967" lon="-5.97623">
                <ele>148.77</ele>
            </trkpt>
                        <trkpt lat="54.4959" lon="-5.97667">
                <ele>141.39</ele>
            </trkpt>
                        <trkpt lat="54.4956" lon="-5.97679">
                <ele>140.12</ele>
            </trkpt>
                        <trkpt lat="54.4954" lon="-5.97677">
                <ele>139.41</ele>
            </trkpt>
                        <trkpt lat="54.495" lon="-5.97651">
                <ele>137.19</ele>
            </trkpt>
                        <trkpt lat="54.4945" lon="-5.97643">
                <ele>133.54</ele>
            </trkpt>
                        <trkpt lat="54.4944" lon="-5.97646">
                <ele>132.08</ele>
            </trkpt>
                        <trkpt lat="54.4941" lon="-5.97658">
                <ele>130.75</ele>
            </trkpt>
                        <trkpt lat="54.4935" lon="-5.97702">
                <ele>129.55</ele>
            </trkpt>
                        <trkpt lat="54.4931" lon="-5.97719">
                <ele>128.32</ele>
            </trkpt>
                        <trkpt lat="54.4924" lon="-5.97765">
                <ele>122.64</ele>
            </trkpt>
                        <trkpt lat="54.4922" lon="-5.97787">
                <ele>122.59</ele>
            </trkpt>
                        <trkpt lat="54.4918" lon="-5.97873">
                <ele>119.3</ele>
            </trkpt>
                        <trkpt lat="54.4917" lon="-5.97881">
                <ele>118.78</ele>
            </trkpt>
                        <trkpt lat="54.4917" lon="-5.97885">
                <ele>118.78</ele>
            </trkpt>
                        <trkpt lat="54.4911" lon="-5.979">
                <ele>116.94</ele>
            </trkpt>
                        <trkpt lat="54.491" lon="-5.979">
                <ele>117.16</ele>
            </trkpt>
                        <trkpt lat="54.4907" lon="-5.97895">
                <ele>118.4</ele>
            </trkpt>
                        <trkpt lat="54.4905" lon="-5.97895">
                <ele>118.6</ele>
            </trkpt>
                        <trkpt lat="54.4904" lon="-5.97897">
                <ele>118.33</ele>
            </trkpt>
                        <trkpt lat="54.4903" lon="-5.97902">
                <ele>117.93</ele>
            </trkpt>
                        <trkpt lat="54.4901" lon="-5.9792">
                <ele>116.5</ele>
            </trkpt>
                        <trkpt lat="54.4895" lon="-5.9798">
                <ele>113.9</ele>
            </trkpt>
                        <trkpt lat="54.489" lon="-5.98041">
                <ele>113.52</ele>
            </trkpt>
                        <trkpt lat="54.4884" lon="-5.98101">
                <ele>113.82</ele>
            </trkpt>
                        <trkpt lat="54.4884" lon="-5.98102">
                <ele>113.81</ele>
            </trkpt>
                        <trkpt lat="54.4883" lon="-5.9811">
                <ele>113.54</ele>
            </trkpt>
                        <trkpt lat="54.4876" lon="-5.9814">
                <ele>111.38</ele>
            </trkpt>
                        <trkpt lat="54.4874" lon="-5.98015">
                <ele>106.71</ele>
            </trkpt>
                        <trkpt lat="54.4873" lon="-5.97891">
                <ele>105.85</ele>
            </trkpt>
                        <trkpt lat="54.4871" lon="-5.97766">
                <ele>106.25</ele>
            </trkpt>
                        <trkpt lat="54.487" lon="-5.97641">
                <ele>107.11</ele>
            </trkpt>
                        <trkpt lat="54.4873" lon="-5.97627">
                <ele>106.77</ele>
            </trkpt>
                        <trkpt lat="54.4875" lon="-5.97606">
                <ele>106.57</ele>
            </trkpt>
                        <trkpt lat="54.4876" lon="-5.97582">
                <ele>106.73</ele>
            </trkpt>
                        <trkpt lat="54.4878" lon="-5.97547">
                <ele>107.23</ele>
            </trkpt>
                        <trkpt lat="54.488" lon="-5.97416">
                <ele>108.6</ele>
            </trkpt>
                        <trkpt lat="54.4882" lon="-5.97302">
                <ele>106.85</ele>
            </trkpt>
                        <trkpt lat="54.4884" lon="-5.97188">
                <ele>108.12</ele>
            </trkpt>
                        <trkpt lat="54.4884" lon="-5.9711">
                <ele>108.4</ele>
            </trkpt>
                        <trkpt lat="54.4885" lon="-5.97032">
                <ele>107.96</ele>
            </trkpt>
                        <trkpt lat="54.4887" lon="-5.96934">
                <ele>108.64</ele>
            </trkpt>
                        <trkpt lat="54.4888" lon="-5.96836">
                <ele>109.93</ele>
            </trkpt>
                        <trkpt lat="54.489" lon="-5.96738">
                <ele>110.2</ele>
            </trkpt>
                        <trkpt lat="54.4892" lon="-5.96687">
                <ele>110.05</ele>
            </trkpt>
                        <trkpt lat="54.4896" lon="-5.96569">
                <ele>112.03</ele>
            </trkpt>
                        <trkpt lat="54.4899" lon="-5.96469">
                <ele>113.06</ele>
            </trkpt>
                        <trkpt lat="54.4902" lon="-5.96335">
                <ele>115.21</ele>
            </trkpt>
                        <trkpt lat="54.4905" lon="-5.96201">
                <ele>121.75</ele>
            </trkpt>
                        <trkpt lat="54.4909" lon="-5.96067">
                <ele>131.27</ele>
            </trkpt>
                        <trkpt lat="54.4913" lon="-5.95949">
                <ele>134.9</ele>
            </trkpt>
                        <trkpt lat="54.4914" lon="-5.95877">
                <ele>134.97</ele>
            </trkpt>
                        <trkpt lat="54.4916" lon="-5.95748">
                <ele>132.7</ele>
            </trkpt>
                        <trkpt lat="54.4916" lon="-5.95734">
                <ele>132.22</ele>
            </trkpt>
                        <trkpt lat="54.4916" lon="-5.95735">
                <ele>132.25</ele>
            </trkpt>
                        <trkpt lat="54.4919" lon="-5.95593">
                <ele>129.87</ele>
            </trkpt>
                        <trkpt lat="54.4923" lon="-5.95451">
                <ele>128.55</ele>
            </trkpt>
                        <trkpt lat="54.4926" lon="-5.95309">
                <ele>129.5</ele>
            </trkpt>
                        <trkpt lat="54.4929" lon="-5.95167">
                <ele>129.86</ele>
            </trkpt>
                        <trkpt lat="54.4933" lon="-5.95025">
                <ele>130.39</ele>
            </trkpt>
                        <trkpt lat="54.4936" lon="-5.94882">
                <ele>129.18</ele>
            </trkpt>
                        <trkpt lat="54.4939" lon="-5.9474">
                <ele>127.45</ele>
            </trkpt>
                        <trkpt lat="54.4942" lon="-5.94598">
                <ele>126.03</ele>
            </trkpt>
                        <trkpt lat="54.4946" lon="-5.94456">
                <ele>124.49</ele>
            </trkpt>
                        <trkpt lat="54.4949" lon="-5.94314">
                <ele>124.59</ele>
            </trkpt>
                        <trkpt lat="54.4952" lon="-5.94172">
                <ele>124.18</ele>
            </trkpt>
                        <trkpt lat="54.4955" lon="-5.94059">
                <ele>124.13</ele>
            </trkpt>
                        <trkpt lat="54.4958" lon="-5.94003">
                <ele>123.89</ele>
            </trkpt>
                        <trkpt lat="54.4961" lon="-5.93931">
                <ele>124.03</ele>
            </trkpt>
                        <trkpt lat="54.4964" lon="-5.93859">
                <ele>125.04</ele>
            </trkpt>
                        <trkpt lat="54.4969" lon="-5.93767">
                <ele>125.81</ele>
            </trkpt>
                        <trkpt lat="54.4974" lon="-5.93676">
                <ele>125.09</ele>
            </trkpt>
                        <trkpt lat="54.4978" lon="-5.93584">
                <ele>127.1</ele>
            </trkpt>
                        <trkpt lat="54.4982" lon="-5.93506">
                <ele>127.96</ele>
            </trkpt>
                        <trkpt lat="54.4986" lon="-5.93428">
                <ele>128.74</ele>
            </trkpt>
                        <trkpt lat="54.4991" lon="-5.93335">
                <ele>130.79</ele>
            </trkpt>
                        <trkpt lat="54.4993" lon="-5.9328">
                <ele>131.86</ele>
            </trkpt>
                        <trkpt lat="54.4996" lon="-5.93208">
                <ele>134.01</ele>
            </trkpt>
                        <trkpt lat="54.4999" lon="-5.93135">
                <ele>135.16</ele>
            </trkpt>
                        <trkpt lat="54.5" lon="-5.93106">
                <ele>135.58</ele>
            </trkpt>
                        <trkpt lat="54.5005" lon="-5.93044">
                <ele>136.03</ele>
            </trkpt>
                        <trkpt lat="54.5009" lon="-5.92982">
                <ele>136.3</ele>
            </trkpt>
                        <trkpt lat="54.501" lon="-5.92951">
                <ele>135.66</ele>
            </trkpt>
                        <trkpt lat="54.5012" lon="-5.92876">
                <ele>133.57</ele>
            </trkpt>
                        <trkpt lat="54.5015" lon="-5.92765">
                <ele>132.13</ele>
            </trkpt>
                        <trkpt lat="54.5018" lon="-5.92653">
                <ele>132.8</ele>
            </trkpt>
                        <trkpt lat="54.502" lon="-5.92581">
                <ele>134.32</ele>
            </trkpt>
                        <trkpt lat="54.5022" lon="-5.92508">
                <ele>136.75</ele>
            </trkpt>
                        <trkpt lat="54.5026" lon="-5.92392">
                <ele>139</ele>
            </trkpt>
                        <trkpt lat="54.5031" lon="-5.92276">
                <ele>140.1</ele>
            </trkpt>
                        <trkpt lat="54.5032" lon="-5.92189">
                <ele>141.13</ele>
            </trkpt>
                        <trkpt lat="54.5033" lon="-5.92102">
                <ele>141.63</ele>
            </trkpt>
                        <trkpt lat="54.5035" lon="-5.92031">
                <ele>141.59</ele>
            </trkpt>
                        <trkpt lat="54.5036" lon="-5.91902">
                <ele>138.13</ele>
            </trkpt>
                        <trkpt lat="54.5036" lon="-5.9182">
                <ele>136.61</ele>
            </trkpt>
                        <trkpt lat="54.5037" lon="-5.91788">
                <ele>137.07</ele>
            </trkpt>
                        <trkpt lat="54.5039" lon="-5.91713">
                <ele>138.66</ele>
            </trkpt>
                        <trkpt lat="54.5044" lon="-5.91603">
                <ele>141.43</ele>
            </trkpt>
                        <trkpt lat="54.505" lon="-5.91494">
                <ele>146.42</ele>
            </trkpt>
                        <trkpt lat="54.5056" lon="-5.91384">
                <ele>148.32</ele>
            </trkpt>
                        <trkpt lat="54.5061" lon="-5.91261">
                <ele>147.78</ele>
            </trkpt>
                        <trkpt lat="54.5063" lon="-5.91215">
                <ele>147.96</ele>
            </trkpt>
                        <trkpt lat="54.5067" lon="-5.91135">
                <ele>147.49</ele>
            </trkpt>
                        <trkpt lat="54.5071" lon="-5.91054">
                <ele>145.84</ele>
            </trkpt>
                        <trkpt lat="54.5073" lon="-5.91">
                <ele>144.24</ele>
            </trkpt>
                        <trkpt lat="54.5077" lon="-5.9089">
                <ele>142.49</ele>
            </trkpt>
                        <trkpt lat="54.5081" lon="-5.90779">
                <ele>140.76</ele>
            </trkpt>
                        <trkpt lat="54.5085" lon="-5.90669">
                <ele>142.19</ele>
            </trkpt>
                        <trkpt lat="54.5088" lon="-5.9059">
                <ele>143.11</ele>
            </trkpt>
                        <trkpt lat="54.5091" lon="-5.90512">
                <ele>142.85</ele>
            </trkpt>
                        <trkpt lat="54.5094" lon="-5.90453">
                <ele>140.1</ele>
            </trkpt>
                        <trkpt lat="54.5098" lon="-5.90375">
                <ele>134.99</ele>
            </trkpt>
                        <trkpt lat="54.5099" lon="-5.90357">
                <ele>132.78</ele>
            </trkpt>
                        <trkpt lat="54.5101" lon="-5.90345">
                <ele>131.89</ele>
            </trkpt>
                        <trkpt lat="54.5105" lon="-5.90326">
                <ele>127.61</ele>
            </trkpt>
                        <trkpt lat="54.5107" lon="-5.90308">
                <ele>126.92</ele>
            </trkpt>
                        <trkpt lat="54.5108" lon="-5.90289">
                <ele>125.4</ele>
            </trkpt>
                        <trkpt lat="54.5109" lon="-5.90265">
                <ele>124.27</ele>
            </trkpt>
                        <trkpt lat="54.5111" lon="-5.90216">
                <ele>123.37</ele>
            </trkpt>
                        <trkpt lat="54.5112" lon="-5.90178">
                <ele>122.38</ele>
            </trkpt>
                        <trkpt lat="54.5116" lon="-5.90109">
                <ele>119.62</ele>
            </trkpt>
                        <trkpt lat="54.5119" lon="-5.90041">
                <ele>118.71</ele>
            </trkpt>
                        <trkpt lat="54.5123" lon="-5.89948">
                <ele>116.89</ele>
            </trkpt>
                        <trkpt lat="54.5128" lon="-5.89854">
                <ele>114.15</ele>
            </trkpt>
                        <trkpt lat="54.5132" lon="-5.89759">
                <ele>114.94</ele>
            </trkpt>
                        <trkpt lat="54.5137" lon="-5.89664">
                <ele>117.26</ele>
            </trkpt>
                        <trkpt lat="54.5139" lon="-5.89617">
                <ele>117.99</ele>
            </trkpt>
                        <trkpt lat="54.5139" lon="-5.89583">
                <ele>118.35</ele>
            </trkpt>
                        <trkpt lat="54.5139" lon="-5.89536">
                <ele>118.66</ele>
            </trkpt>
                        <trkpt lat="54.5139" lon="-5.89453">
                <ele>118.84</ele>
            </trkpt>
                        <trkpt lat="54.5139" lon="-5.89333">
                <ele>118.14</ele>
            </trkpt>
                        <trkpt lat="54.5139" lon="-5.89213">
                <ele>117.83</ele>
            </trkpt>
                        <trkpt lat="54.5139" lon="-5.8911">
                <ele>117.2</ele>
            </trkpt>
                        <trkpt lat="54.5139" lon="-5.89078">
                <ele>116.97</ele>
            </trkpt>
                        <trkpt lat="54.514" lon="-5.89053">
                <ele>116.97</ele>
            </trkpt>
                        <trkpt lat="54.514" lon="-5.89028">
                <ele>116.62</ele>
            </trkpt>
                        <trkpt lat="54.514" lon="-5.88999">
                <ele>116.76</ele>
            </trkpt>
                        <trkpt lat="54.5141" lon="-5.88988">
                <ele>116.76</ele>
            </trkpt>
                        <trkpt lat="54.5145" lon="-5.8896">
                <ele>116.81</ele>
            </trkpt>
                        <trkpt lat="54.5145" lon="-5.88945">
                <ele>116.85</ele>
            </trkpt>
                        <trkpt lat="54.5145" lon="-5.88931">
                <ele>116.85</ele>
            </trkpt>
                        <trkpt lat="54.5145" lon="-5.88931">
                <ele>116.72</ele>
            </trkpt>
                        <trkpt lat="54.5145" lon="-5.88878">
                <ele>116.73</ele>
            </trkpt>
                        <trkpt lat="54.5145" lon="-5.8886">
                <ele>116.82</ele>
            </trkpt>
                        <trkpt lat="54.5145" lon="-5.88849">
                <ele>116.82</ele>
            </trkpt>
                        <trkpt lat="54.5145" lon="-5.88824">
                <ele>116.92</ele>
            </trkpt>
                        <trkpt lat="54.5145" lon="-5.88823">
                <ele>116.92</ele>
            </trkpt>
                        <trkpt lat="54.5146" lon="-5.88815">
                <ele>116.93</ele>
            </trkpt>
                        <trkpt lat="54.5147" lon="-5.88737">
                <ele>116.69</ele>
            </trkpt>
                        <trkpt lat="54.5147" lon="-5.88736">
                <ele>116.69</ele>
            </trkpt>
                        <trkpt lat="54.5148" lon="-5.88733">
                <ele>116.69</ele>
            </trkpt>
                        <trkpt lat="54.5151" lon="-5.88605">
                <ele>114.56</ele>
            </trkpt>
                        <trkpt lat="54.5155" lon="-5.88477">
                <ele>116.01</ele>
            </trkpt>
                        <trkpt lat="54.5155" lon="-5.88468">
                <ele>116.01</ele>
            </trkpt>
                        <trkpt lat="54.5155" lon="-5.88459">
                <ele>116.18</ele>
            </trkpt>
                        <trkpt lat="54.5152" lon="-5.88442">
                <ele>116.65</ele>
            </trkpt>
                        <trkpt lat="54.5152" lon="-5.88442">
                <ele>116.65</ele>
            </trkpt>
                        <trkpt lat="54.515" lon="-5.8843">
                <ele>116.89</ele>
            </trkpt>
                        <trkpt lat="54.5148" lon="-5.88424">
                <ele>116.89</ele>
            </trkpt>
                        <trkpt lat="54.5143" lon="-5.88402">
                <ele>117.28</ele>
            </trkpt>
                        <trkpt lat="54.5139" lon="-5.8838">
                <ele>117.01</ele>
            </trkpt>
                        <trkpt lat="54.5131" lon="-5.88344">
                <ele>117.57</ele>
            </trkpt>
                        <trkpt lat="54.5129" lon="-5.88334">
                <ele>118.18</ele>
            </trkpt>
                        <trkpt lat="54.5128" lon="-5.88334">
                <ele>118.18</ele>
            </trkpt>
                        <trkpt lat="54.5123" lon="-5.88313">
                <ele>119.95</ele>
            </trkpt>
                        <trkpt lat="54.5118" lon="-5.88292">
                <ele>125.28</ele>
            </trkpt>
                        <trkpt lat="54.5113" lon="-5.88268">
                <ele>127.18</ele>
            </trkpt>
                        <trkpt lat="54.5106" lon="-5.88224">
                <ele>128.24</ele>
            </trkpt>
                        <trkpt lat="54.5099" lon="-5.88179">
                <ele>126.27</ele>
            </trkpt>
                        <trkpt lat="54.5092" lon="-5.88126">
                <ele>124.41</ele>
            </trkpt>
                        <trkpt lat="54.5084" lon="-5.88073">
                <ele>120.61</ele>
            </trkpt>
                        <trkpt lat="54.5076" lon="-5.8802">
                <ele>121.71</ele>
            </trkpt>
                        <trkpt lat="54.5068" lon="-5.87967">
                <ele>123.19</ele>
            </trkpt>
                        <trkpt lat="54.506" lon="-5.87914">
                <ele>120.33</ele>
            </trkpt>
                        <trkpt lat="54.5052" lon="-5.87861">
                <ele>116.82</ele>
            </trkpt>
                        <trkpt lat="54.5045" lon="-5.87808">
                <ele>114.2</ele>
            </trkpt>
                        <trkpt lat="54.5037" lon="-5.87755">
                <ele>116.26</ele>
            </trkpt>
                        <trkpt lat="54.5029" lon="-5.87702">
                <ele>118.48</ele>
            </trkpt>
                        <trkpt lat="54.5021" lon="-5.87653">
                <ele>117.3</ele>
            </trkpt>
                        <trkpt lat="54.5014" lon="-5.87604">
                <ele>116.32</ele>
            </trkpt>
                        <trkpt lat="54.5006" lon="-5.87555">
                <ele>116.71</ele>
            </trkpt>
                        <trkpt lat="54.4999" lon="-5.87506">
                <ele>118.25</ele>
            </trkpt>
                        <trkpt lat="54.4991" lon="-5.87457">
                <ele>123.49</ele>
            </trkpt>
                        <trkpt lat="54.4985" lon="-5.87418">
                <ele>128.82</ele>
            </trkpt>
                        <trkpt lat="54.4978" lon="-5.87379">
                <ele>133.6</ele>
            </trkpt>
                        <trkpt lat="54.4971" lon="-5.8734">
                <ele>139.21</ele>
            </trkpt>
                        <trkpt lat="54.497" lon="-5.87335">
                <ele>140.01</ele>
            </trkpt>
                        <trkpt lat="54.4969" lon="-5.87334">
                <ele>139.95</ele>
            </trkpt>
                        <trkpt lat="54.4961" lon="-5.87342">
                <ele>145.41</ele>
            </trkpt>
                        <trkpt lat="54.4957" lon="-5.87352">
                <ele>148.32</ele>
            </trkpt>
                        <trkpt lat="54.4952" lon="-5.87362">
                <ele>149.53</ele>
            </trkpt>
                        <trkpt lat="54.4949" lon="-5.87363">
                <ele>151.54</ele>
            </trkpt>
                        <trkpt lat="54.4942" lon="-5.87349">
                <ele>155.38</ele>
            </trkpt>
                        <trkpt lat="54.494" lon="-5.87342">
                <ele>155.98</ele>
            </trkpt>
                        <trkpt lat="54.4937" lon="-5.87321">
                <ele>157.12</ele>
            </trkpt>
                        <trkpt lat="54.4935" lon="-5.87291">
                <ele>157.94</ele>
            </trkpt>
                        <trkpt lat="54.4931" lon="-5.87233">
                <ele>159.22</ele>
            </trkpt>
                        <trkpt lat="54.4927" lon="-5.87175">
                <ele>162.98</ele>
            </trkpt>
                        <trkpt lat="54.4921" lon="-5.87089">
                <ele>167.56</ele>
            </trkpt>
                        <trkpt lat="54.4914" lon="-5.87004">
                <ele>170.33</ele>
            </trkpt>
                        <trkpt lat="54.4912" lon="-5.86966">
                <ele>170.02</ele>
            </trkpt>
                        <trkpt lat="54.4907" lon="-5.86889">
                <ele>167.55</ele>
            </trkpt>
                        <trkpt lat="54.4902" lon="-5.86836">
                <ele>165.11</ele>
            </trkpt>
                        <trkpt lat="54.4897" lon="-5.86783">
                <ele>162.2</ele>
            </trkpt>
                        <trkpt lat="54.4891" lon="-5.8673">
                <ele>161.33</ele>
            </trkpt>
                        <trkpt lat="54.4885" lon="-5.86678">
                <ele>162.02</ele>
            </trkpt>
                        <trkpt lat="54.4883" lon="-5.86652">
                <ele>162.05</ele>
            </trkpt>
                        <trkpt lat="54.4877" lon="-5.86572">
                <ele>160.73</ele>
            </trkpt>
                        <trkpt lat="54.4876" lon="-5.86553">
                <ele>160.28</ele>
            </trkpt>
                        <trkpt lat="54.4873" lon="-5.86484">
                <ele>157.38</ele>
            </trkpt>
                        <trkpt lat="54.4873" lon="-5.86485">
                <ele>157.38</ele>
            </trkpt>
                        <trkpt lat="54.4869" lon="-5.86395">
                <ele>153.68</ele>
            </trkpt>
                        <trkpt lat="54.4863" lon="-5.86276">
                <ele>152.8</ele>
            </trkpt>
                        <trkpt lat="54.4858" lon="-5.86157">
                <ele>147.76</ele>
            </trkpt>
                        <trkpt lat="54.4854" lon="-5.86087">
                <ele>142.31</ele>
            </trkpt>
                        <trkpt lat="54.4851" lon="-5.86017">
                <ele>141.16</ele>
            </trkpt>
                        <trkpt lat="54.4847" lon="-5.85946">
                <ele>140.24</ele>
            </trkpt>
                        <trkpt lat="54.4842" lon="-5.85874">
                <ele>140.34</ele>
            </trkpt>
                        <trkpt lat="54.4839" lon="-5.8583">
                <ele>140.58</ele>
            </trkpt>
                        <trkpt lat="54.4833" lon="-5.85747">
                <ele>136.56</ele>
            </trkpt>
                        <trkpt lat="54.4826" lon="-5.85664">
                <ele>131.04</ele>
            </trkpt>
                        <trkpt lat="54.482" lon="-5.85581">
                <ele>128.98</ele>
            </trkpt>
                        <trkpt lat="54.4813" lon="-5.85498">
                <ele>129.97</ele>
            </trkpt>
                        <trkpt lat="54.4807" lon="-5.85416">
                <ele>125.7</ele>
            </trkpt>
                        <trkpt lat="54.48" lon="-5.85334">
                <ele>124.22</ele>
            </trkpt>
                        <trkpt lat="54.4797" lon="-5.85287">
                <ele>124.62</ele>
            </trkpt>
                        <trkpt lat="54.4793" lon="-5.8524">
                <ele>124.73</ele>
            </trkpt>
                        <trkpt lat="54.4791" lon="-5.85223">
                <ele>124.39</ele>
            </trkpt>
                        <trkpt lat="54.4789" lon="-5.85203">
                <ele>123.55</ele>
            </trkpt>
                        <trkpt lat="54.4781" lon="-5.85161">
                <ele>119.43</ele>
            </trkpt>
                        <trkpt lat="54.4773" lon="-5.85118">
                <ele>115.76</ele>
            </trkpt>
                        <trkpt lat="54.4765" lon="-5.85076">
                <ele>110.3</ele>
            </trkpt>
                        <trkpt lat="54.4757" lon="-5.85033">
                <ele>111.38</ele>
            </trkpt>
                        <trkpt lat="54.475" lon="-5.84991">
                <ele>111.66</ele>
            </trkpt>
                        <trkpt lat="54.4742" lon="-5.84948">
                <ele>104.76</ele>
            </trkpt>
                        <trkpt lat="54.4734" lon="-5.84906">
                <ele>98.68</ele>
            </trkpt>
                        <trkpt lat="54.4728" lon="-5.84875">
                <ele>101.84</ele>
            </trkpt>
                        <trkpt lat="54.4722" lon="-5.84844">
                <ele>105.49</ele>
            </trkpt>
                        <trkpt lat="54.4715" lon="-5.84805">
                <ele>98.92</ele>
            </trkpt>
                        <trkpt lat="54.4708" lon="-5.84766">
                <ele>94.12</ele>
            </trkpt>
                        <trkpt lat="54.4701" lon="-5.84726">
                <ele>94.93</ele>
            </trkpt>
                        <trkpt lat="54.4694" lon="-5.84687">
                <ele>99.95</ele>
            </trkpt>
                        <trkpt lat="54.4687" lon="-5.84648">
                <ele>98.41</ele>
            </trkpt>
                        <trkpt lat="54.468" lon="-5.84591">
                <ele>93.64</ele>
            </trkpt>
                        <trkpt lat="54.4673" lon="-5.84534">
                <ele>93.21</ele>
            </trkpt>
                        <trkpt lat="54.4671" lon="-5.84512">
                <ele>93.07</ele>
            </trkpt>
                        <trkpt lat="54.4664" lon="-5.8444">
                <ele>91.36</ele>
            </trkpt>
                        <trkpt lat="54.4663" lon="-5.84428">
                <ele>91.36</ele>
            </trkpt>
                        <trkpt lat="54.4661" lon="-5.84421">
                <ele>90.78</ele>
            </trkpt>
                        <trkpt lat="54.466" lon="-5.84421">
                <ele>90.01</ele>
            </trkpt>
                        <trkpt lat="54.4655" lon="-5.84428">
                <ele>89.2</ele>
            </trkpt>
                        <trkpt lat="54.4654" lon="-5.84426">
                <ele>89.2</ele>
            </trkpt>
                        <trkpt lat="54.4652" lon="-5.84419">
                <ele>89.01</ele>
            </trkpt>
                        <trkpt lat="54.4647" lon="-5.84381">
                <ele>86.42</ele>
            </trkpt>
                        <trkpt lat="54.4642" lon="-5.84343">
                <ele>84.71</ele>
            </trkpt>
                        <trkpt lat="54.4636" lon="-5.84314">
                <ele>81.01</ele>
            </trkpt>
                        <trkpt lat="54.463" lon="-5.84285">
                <ele>79.92</ele>
            </trkpt>
                        <trkpt lat="54.4624" lon="-5.84256">
                <ele>81.39</ele>
            </trkpt>
                        <trkpt lat="54.4621" lon="-5.84238">
                <ele>82.73</ele>
            </trkpt>
                        <trkpt lat="54.462" lon="-5.84227">
                <ele>82.95</ele>
            </trkpt>
                        <trkpt lat="54.4615" lon="-5.84153">
                <ele>82.49</ele>
            </trkpt>
                        <trkpt lat="54.4615" lon="-5.84149">
                <ele>82.27</ele>
            </trkpt>
                        <trkpt lat="54.4614" lon="-5.84147">
                <ele>82.27</ele>
            </trkpt>
                        <trkpt lat="54.4613" lon="-5.84121">
                <ele>81.37</ele>
            </trkpt>
                        <trkpt lat="54.4608" lon="-5.8403">
                <ele>76.64</ele>
            </trkpt>
                        <trkpt lat="54.4603" lon="-5.83946">
                <ele>74.34</ele>
            </trkpt>
                        <trkpt lat="54.4602" lon="-5.83935">
                <ele>73.97</ele>
            </trkpt>
                        <trkpt lat="54.4601" lon="-5.83872">
                <ele>73.75</ele>
            </trkpt>
                        <trkpt lat="54.4601" lon="-5.83804">
                <ele>74.73</ele>
            </trkpt>
                        <trkpt lat="54.4601" lon="-5.83769">
                <ele>75.07</ele>
            </trkpt>
                        <trkpt lat="54.4601" lon="-5.83638">
                <ele>77.94</ele>
            </trkpt>
                        <trkpt lat="54.4601" lon="-5.83623">
                <ele>77.94</ele>
            </trkpt>
                        <trkpt lat="54.4601" lon="-5.83613">
                <ele>78.52</ele>
            </trkpt>
                        <trkpt lat="54.4601" lon="-5.83595">
                <ele>78.6</ele>
            </trkpt>
                        <trkpt lat="54.4602" lon="-5.83572">
                <ele>79</ele>
            </trkpt>
                        <trkpt lat="54.4603" lon="-5.83446">
                <ele>78.93</ele>
            </trkpt>
                        <trkpt lat="54.4604" lon="-5.8332">
                <ele>77.05</ele>
            </trkpt>
                        <trkpt lat="54.4604" lon="-5.83194">
                <ele>74.76</ele>
            </trkpt>
                        <trkpt lat="54.4605" lon="-5.83068">
                <ele>73.32</ele>
            </trkpt>
                        <trkpt lat="54.4608" lon="-5.83077">
                <ele>73.4</ele>
            </trkpt>
                        <trkpt lat="54.4612" lon="-5.83084">
                <ele>74.02</ele>
            </trkpt>
                        <trkpt lat="54.4614" lon="-5.83086">
                <ele>74.18</ele>
            </trkpt>
                        <trkpt lat="54.4615" lon="-5.83084">
                <ele>74.12</ele>
            </trkpt>
                        <trkpt lat="54.4617" lon="-5.83072">
                <ele>73.75</ele>
            </trkpt>
                        <trkpt lat="54.4617" lon="-5.83073">
                <ele>73.77</ele>
            </trkpt>
                        <trkpt lat="54.462" lon="-5.83046">
                <ele>72.84</ele>
            </trkpt>
                        <trkpt lat="54.4625" lon="-5.83005">
                <ele>71.32</ele>
            </trkpt>
                        <trkpt lat="54.4629" lon="-5.82963">
                <ele>70.19</ele>
            </trkpt>
                        <trkpt lat="54.4634" lon="-5.82921">
                <ele>69.81</ele>
            </trkpt>
                        <trkpt lat="54.4638" lon="-5.82878">
                <ele>70.27</ele>
            </trkpt>
                        <trkpt lat="54.4643" lon="-5.82847">
                <ele>71.84</ele>
            </trkpt>
                        <trkpt lat="54.465" lon="-5.82805">
                <ele>73.99</ele>
            </trkpt>
                        <trkpt lat="54.4657" lon="-5.82764">
                <ele>77.91</ele>
            </trkpt>
                        <trkpt lat="54.4664" lon="-5.82722">
                <ele>80.22</ele>
            </trkpt>
                        <trkpt lat="54.4669" lon="-5.82694">
                <ele>81.56</ele>
            </trkpt>
                        <trkpt lat="54.4674" lon="-5.82667">
                <ele>82.11</ele>
            </trkpt>
                        <trkpt lat="54.4675" lon="-5.82647">
                <ele>81.75</ele>
            </trkpt>
                        <trkpt lat="54.4679" lon="-5.82556">
                <ele>79.42</ele>
            </trkpt>
                        <trkpt lat="54.4682" lon="-5.82462">
                <ele>76.43</ele>
            </trkpt>
                        <trkpt lat="54.4684" lon="-5.82431">
                <ele>76.43</ele>
            </trkpt>
                        <trkpt lat="54.4687" lon="-5.82387">
                <ele>74.85</ele>
            </trkpt>
                        <trkpt lat="54.4688" lon="-5.82371">
                <ele>73.66</ele>
            </trkpt>
                        <trkpt lat="54.4691" lon="-5.82351">
                <ele>72.36</ele>
            </trkpt>
                        <trkpt lat="54.4697" lon="-5.82317">
                <ele>71.01</ele>
            </trkpt>
                        <trkpt lat="54.4704" lon="-5.82284">
                <ele>70.64</ele>
            </trkpt>
                        <trkpt lat="54.471" lon="-5.8225">
                <ele>70.06</ele>
            </trkpt>
                        <trkpt lat="54.4715" lon="-5.82227">
                <ele>69.05</ele>
            </trkpt>
                        <trkpt lat="54.4723" lon="-5.82199">
                <ele>66.69</ele>
            </trkpt>
                        <trkpt lat="54.4728" lon="-5.82174">
                <ele>64.61</ele>
            </trkpt>
                        <trkpt lat="54.4735" lon="-5.82113">
                <ele>62.11</ele>
            </trkpt>
                        <trkpt lat="54.4742" lon="-5.82052">
                <ele>61.52</ele>
            </trkpt>
                        <trkpt lat="54.4747" lon="-5.82">
                <ele>62.5</ele>
            </trkpt>
                        <trkpt lat="54.4753" lon="-5.81949">
                <ele>64.8</ele>
            </trkpt>
                        <trkpt lat="54.4753" lon="-5.8195">
                <ele>64.76</ele>
            </trkpt>
                        <trkpt lat="54.4758" lon="-5.81904">
                <ele>67.48</ele>
            </trkpt>
                        <trkpt lat="54.4761" lon="-5.81883">
                <ele>68.2</ele>
            </trkpt>
                        <trkpt lat="54.4766" lon="-5.81857">
                <ele>67.16</ele>
            </trkpt>
                        <trkpt lat="54.477" lon="-5.81832">
                <ele>66.96</ele>
            </trkpt>
                        <trkpt lat="54.4775" lon="-5.81801">
                <ele>67.25</ele>
            </trkpt>
                        <trkpt lat="54.4781" lon="-5.81769">
                <ele>68.1</ele>
            </trkpt>
                        <trkpt lat="54.4786" lon="-5.81742">
                <ele>68.76</ele>
            </trkpt>
                        <trkpt lat="54.4792" lon="-5.81714">
                <ele>69.1</ele>
            </trkpt>
                        <trkpt lat="54.4799" lon="-5.81687">
                <ele>68.72</ele>
            </trkpt>
                        <trkpt lat="54.4807" lon="-5.8166">
                <ele>68.34</ele>
            </trkpt>
                        <trkpt lat="54.4812" lon="-5.81639">
                <ele>68.01</ele>
            </trkpt>
                        <trkpt lat="54.4817" lon="-5.81615">
                <ele>67.67</ele>
            </trkpt>
                        <trkpt lat="54.4821" lon="-5.81591">
                <ele>67.15</ele>
            </trkpt>
                        <trkpt lat="54.4825" lon="-5.81565">
                <ele>67.04</ele>
            </trkpt>
                        <trkpt lat="54.483" lon="-5.81529">
                <ele>66.65</ele>
            </trkpt>
                        <trkpt lat="54.4835" lon="-5.81493">
                <ele>66.36</ele>
            </trkpt>
                        <trkpt lat="54.4842" lon="-5.81432">
                <ele>65.63</ele>
            </trkpt>
                        <trkpt lat="54.4849" lon="-5.81366">
                <ele>64.78</ele>
            </trkpt>
                        <trkpt lat="54.4856" lon="-5.81299">
                <ele>64.78</ele>
            </trkpt>
                        <trkpt lat="54.4863" lon="-5.81233">
                <ele>65.24</ele>
            </trkpt>
                        <trkpt lat="54.4867" lon="-5.81199">
                <ele>66.02</ele>
            </trkpt>
                        <trkpt lat="54.4871" lon="-5.81165">
                <ele>67.05</ele>
            </trkpt>
                        <trkpt lat="54.4878" lon="-5.81126">
                <ele>68.51</ele>
            </trkpt>
                        <trkpt lat="54.4885" lon="-5.81086">
                <ele>68.51</ele>
            </trkpt>
                        <trkpt lat="54.4892" lon="-5.81047">
                <ele>67.02</ele>
            </trkpt>
                        <trkpt lat="54.4894" lon="-5.81024">
                <ele>66.35</ele>
            </trkpt>
                        <trkpt lat="54.4899" lon="-5.80919">
                <ele>65.13</ele>
            </trkpt>
                        <trkpt lat="54.4903" lon="-5.80813">
                <ele>65.05</ele>
            </trkpt>
                        <trkpt lat="54.4907" lon="-5.80728">
                <ele>64.74</ele>
            </trkpt>
                        <trkpt lat="54.4911" lon="-5.80644">
                <ele>64.15</ele>
            </trkpt>
                        <trkpt lat="54.4916" lon="-5.8053">
                <ele>64.48</ele>
            </trkpt>
                        <trkpt lat="54.4922" lon="-5.80416">
                <ele>66.69</ele>
            </trkpt>
                        <trkpt lat="54.4925" lon="-5.80364">
                <ele>66.99</ele>
            </trkpt>
                        <trkpt lat="54.4929" lon="-5.80315">
                <ele>66.13</ele>
            </trkpt>
                        <trkpt lat="54.4932" lon="-5.80266">
                <ele>65.46</ele>
            </trkpt>
                        <trkpt lat="54.4937" lon="-5.80215">
                <ele>64.67</ele>
            </trkpt>
                        <trkpt lat="54.4942" lon="-5.80186">
                <ele>63.01</ele>
            </trkpt>
                        <trkpt lat="54.4947" lon="-5.80156">
                <ele>61.61</ele>
            </trkpt>
                        <trkpt lat="54.495" lon="-5.80139">
                <ele>60.96</ele>
            </trkpt>
                        <trkpt lat="54.4954" lon="-5.80122">
                <ele>59.13</ele>
            </trkpt>
                        <trkpt lat="54.4959" lon="-5.80104">
                <ele>57.39</ele>
            </trkpt>
                        <trkpt lat="54.4963" lon="-5.80067">
                <ele>56.94</ele>
            </trkpt>
                        <trkpt lat="54.4969" lon="-5.79995">
                <ele>56.98</ele>
            </trkpt>
                        <trkpt lat="54.4975" lon="-5.79923">
                <ele>57.7</ele>
            </trkpt>
                        <trkpt lat="54.498" lon="-5.79877">
                <ele>58</ele>
            </trkpt>
                        <trkpt lat="54.4984" lon="-5.79831">
                <ele>58.28</ele>
            </trkpt>
                        <trkpt lat="54.4989" lon="-5.79781">
                <ele>58.45</ele>
            </trkpt>
                        <trkpt lat="54.4994" lon="-5.79731">
                <ele>58.51</ele>
            </trkpt>
                        <trkpt lat="54.4999" lon="-5.79672">
                <ele>58.82</ele>
            </trkpt>
                        <trkpt lat="54.5002" lon="-5.79633">
                <ele>59.1</ele>
            </trkpt>
                        <trkpt lat="54.5006" lon="-5.79555">
                <ele>59</ele>
            </trkpt>
                        <trkpt lat="54.5009" lon="-5.79487">
                <ele>58.71</ele>
            </trkpt>
                        <trkpt lat="54.5011" lon="-5.79416">
                <ele>58.39</ele>
            </trkpt>
                        <trkpt lat="54.5015" lon="-5.79283">
                <ele>57.45</ele>
            </trkpt>
                        <trkpt lat="54.5015" lon="-5.79284">
                <ele>57.45</ele>
            </trkpt>
                        <trkpt lat="54.5017" lon="-5.79231">
                <ele>57.36</ele>
            </trkpt>
                        <trkpt lat="54.5019" lon="-5.79201">
                <ele>57.31</ele>
            </trkpt>
                        <trkpt lat="54.5018" lon="-5.79187">
                <ele>57.31</ele>
            </trkpt>
                        <trkpt lat="54.5019" lon="-5.79171">
                <ele>57.09</ele>
            </trkpt>
                        <trkpt lat="54.5019" lon="-5.79161">
                <ele>57.09</ele>
            </trkpt>
                        <trkpt lat="54.5019" lon="-5.79159">
                <ele>57.21</ele>
            </trkpt>
                        <trkpt lat="54.502" lon="-5.79162">
                <ele>57.21</ele>
            </trkpt>
                        <trkpt lat="54.5022" lon="-5.79114">
                <ele>56.55</ele>
            </trkpt>
                        <trkpt lat="54.5025" lon="-5.79019">
                <ele>56.95</ele>
            </trkpt>
                        <trkpt lat="54.5028" lon="-5.78924">
                <ele>58.63</ele>
            </trkpt>
                        <trkpt lat="54.503" lon="-5.78847">
                <ele>60.45</ele>
            </trkpt>
                        <trkpt lat="54.5032" lon="-5.78807">
                <ele>61.18</ele>
            </trkpt>
                        <trkpt lat="54.5034" lon="-5.78755">
                <ele>61.56</ele>
            </trkpt>
                        <trkpt lat="54.5038" lon="-5.787">
                <ele>61.35</ele>
            </trkpt>
                        <trkpt lat="54.5042" lon="-5.78645">
                <ele>61.07</ele>
            </trkpt>
                        <trkpt lat="54.5047" lon="-5.78586">
                <ele>60.95</ele>
            </trkpt>
                        <trkpt lat="54.5048" lon="-5.78581">
                <ele>60.95</ele>
            </trkpt>
                        <trkpt lat="54.505" lon="-5.78575">
                <ele>60.71</ele>
            </trkpt>
                        <trkpt lat="54.5057" lon="-5.78566">
                <ele>60.78</ele>
            </trkpt>
                        <trkpt lat="54.5065" lon="-5.78557">
                <ele>61.36</ele>
            </trkpt>
                        <trkpt lat="54.5068" lon="-5.78547">
                <ele>61.72</ele>
            </trkpt>
                        <trkpt lat="54.5076" lon="-5.78511">
                <ele>61.91</ele>
            </trkpt>
                        <trkpt lat="54.5084" lon="-5.78475">
                <ele>62.32</ele>
            </trkpt>
                        <trkpt lat="54.5092" lon="-5.78439">
                <ele>63.55</ele>
            </trkpt>
                        <trkpt lat="54.5095" lon="-5.78434">
                <ele>63.56</ele>
            </trkpt>
                        <trkpt lat="54.5103" lon="-5.78425">
                <ele>62.22</ele>
            </trkpt>
                        <trkpt lat="54.5105" lon="-5.7842">
                <ele>62.22</ele>
            </trkpt>
                        <trkpt lat="54.5109" lon="-5.78406">
                <ele>61.59</ele>
            </trkpt>
                        <trkpt lat="54.5114" lon="-5.78371">
                <ele>61.3</ele>
            </trkpt>
                        <trkpt lat="54.5114" lon="-5.78373">
                <ele>61.3</ele>
            </trkpt>
                        <trkpt lat="54.5117" lon="-5.78357">
                <ele>61.25</ele>
            </trkpt>
                        <trkpt lat="54.5118" lon="-5.78352">
                <ele>61.24</ele>
            </trkpt>
                        <trkpt lat="54.512" lon="-5.78349">
                <ele>61.22</ele>
            </trkpt>
                        <trkpt lat="54.5122" lon="-5.7835">
                <ele>60.94</ele>
            </trkpt>
                        <trkpt lat="54.5122" lon="-5.78345">
                <ele>60.94</ele>
            </trkpt>
                        <trkpt lat="54.5123" lon="-5.78337">
                <ele>60.5</ele>
            </trkpt>
                        <trkpt lat="54.5129" lon="-5.78295">
                <ele>58.45</ele>
            </trkpt>
                        <trkpt lat="54.5134" lon="-5.78253">
                <ele>60.85</ele>
            </trkpt>
                        <trkpt lat="54.5141" lon="-5.78197">
                <ele>67.46</ele>
            </trkpt>
                        <trkpt lat="54.5147" lon="-5.7814">
                <ele>65.7</ele>
            </trkpt>
                        <trkpt lat="54.5153" lon="-5.78084">
                <ele>61.12</ele>
            </trkpt>
                        <trkpt lat="54.5159" lon="-5.78027">
                <ele>66.86</ele>
            </trkpt>
                        <trkpt lat="54.5165" lon="-5.7797">
                <ele>75.9</ele>
            </trkpt>
                        <trkpt lat="54.517" lon="-5.77922">
                <ele>75.34</ele>
            </trkpt>
                        <trkpt lat="54.5175" lon="-5.77875">
                <ele>71.68</ele>
            </trkpt>
                        <trkpt lat="54.518" lon="-5.77824">
                <ele>66.06</ele>
            </trkpt>
                        <trkpt lat="54.5185" lon="-5.77774">
                <ele>61.97</ele>
            </trkpt>
                        <trkpt lat="54.5191" lon="-5.77723">
                <ele>58.7</ele>
            </trkpt>
                        <trkpt lat="54.5198" lon="-5.77651">
                <ele>54.55</ele>
            </trkpt>
                        <trkpt lat="54.5205" lon="-5.77578">
                <ele>53.57</ele>
            </trkpt>
                        <trkpt lat="54.5212" lon="-5.77506">
                <ele>54.73</ele>
            </trkpt>
                        <trkpt lat="54.5219" lon="-5.77433">
                <ele>52.71</ele>
            </trkpt>
                        <trkpt lat="54.5226" lon="-5.77361">
                <ele>51.31</ele>
            </trkpt>
                        <trkpt lat="54.5234" lon="-5.77288">
                <ele>50.47</ele>
            </trkpt>
                        <trkpt lat="54.5241" lon="-5.77216">
                <ele>51.59</ele>
            </trkpt>
                        <trkpt lat="54.5248" lon="-5.77145">
                <ele>49.71</ele>
            </trkpt>
                        <trkpt lat="54.5256" lon="-5.77075">
                <ele>51.99</ele>
            </trkpt>
                        <trkpt lat="54.526" lon="-5.77038">
                <ele>54.71</ele>
            </trkpt>
                        <trkpt lat="54.5264" lon="-5.77001">
                <ele>58.86</ele>
            </trkpt>
                        <trkpt lat="54.5272" lon="-5.76938">
                <ele>56.6</ele>
            </trkpt>
                        <trkpt lat="54.5278" lon="-5.76896">
                <ele>62.51</ele>
            </trkpt>
                        <trkpt lat="54.5283" lon="-5.76853">
                <ele>68.65</ele>
            </trkpt>
                        <trkpt lat="54.5289" lon="-5.76811">
                <ele>70.9</ele>
            </trkpt>
                        <trkpt lat="54.5297" lon="-5.76765">
                <ele>67.58</ele>
            </trkpt>
                        <trkpt lat="54.5305" lon="-5.7672">
                <ele>60.76</ele>
            </trkpt>
                        <trkpt lat="54.5304" lon="-5.76727">
                <ele>61.51</ele>
            </trkpt>
                        <trkpt lat="54.5312" lon="-5.76679">
                <ele>58.83</ele>
            </trkpt>
                        <trkpt lat="54.532" lon="-5.76631">
                <ele>58.42</ele>
            </trkpt>
                        <trkpt lat="54.5329" lon="-5.76584">
                <ele>61.33</ele>
            </trkpt>
                        <trkpt lat="54.5337" lon="-5.76536">
                <ele>65.52</ele>
            </trkpt>
                        <trkpt lat="54.5339" lon="-5.76524">
                <ele>65.89</ele>
            </trkpt>
                        <trkpt lat="54.5346" lon="-5.76461">
                <ele>61.62</ele>
            </trkpt>
                        <trkpt lat="54.5353" lon="-5.76397">
                <ele>57.71</ele>
            </trkpt>
                        <trkpt lat="54.536" lon="-5.76334">
                <ele>52.74</ele>
            </trkpt>
                        <trkpt lat="54.5367" lon="-5.7627">
                <ele>48.93</ele>
            </trkpt>
                        <trkpt lat="54.5374" lon="-5.76206">
                <ele>46.39</ele>
            </trkpt>
                        <trkpt lat="54.5381" lon="-5.76143">
                <ele>43.08</ele>
            </trkpt>
                        <trkpt lat="54.5388" lon="-5.7608">
                <ele>41.84</ele>
            </trkpt>
                        <trkpt lat="54.5395" lon="-5.76016">
                <ele>44.28</ele>
            </trkpt>
                        <trkpt lat="54.5401" lon="-5.75961">
                <ele>41.76</ele>
            </trkpt>
                        <trkpt lat="54.5404" lon="-5.75929">
                <ele>40.8</ele>
            </trkpt>
                        <trkpt lat="54.5404" lon="-5.7593">
                <ele>40.83</ele>
            </trkpt>
                        <trkpt lat="54.541" lon="-5.75871">
                <ele>38.53</ele>
            </trkpt>
                        <trkpt lat="54.5416" lon="-5.75812">
                <ele>36.19</ele>
            </trkpt>
                        <trkpt lat="54.5422" lon="-5.75753">
                <ele>29.86</ele>
            </trkpt>
                        <trkpt lat="54.5424" lon="-5.75733">
                <ele>28.41</ele>
            </trkpt>
                        <trkpt lat="54.5426" lon="-5.75727">
                <ele>28.45</ele>
            </trkpt>
                        <trkpt lat="54.5433" lon="-5.75706">
                <ele>30.93</ele>
            </trkpt>
                        <trkpt lat="54.5434" lon="-5.75698">
                <ele>31.47</ele>
            </trkpt>
                        <trkpt lat="54.5436" lon="-5.75686">
                <ele>31.87</ele>
            </trkpt>
                        <trkpt lat="54.5437" lon="-5.75672">
                <ele>31.93</ele>
            </trkpt>
                        <trkpt lat="54.5438" lon="-5.75642">
                <ele>31.49</ele>
            </trkpt>
                        <trkpt lat="54.5439" lon="-5.75628">
                <ele>30.87</ele>
            </trkpt>
                        <trkpt lat="54.5445" lon="-5.75584">
                <ele>28.59</ele>
            </trkpt>
                        <trkpt lat="54.5449" lon="-5.7553">
                <ele>28.1</ele>
            </trkpt>
                        <trkpt lat="54.5454" lon="-5.75466">
                <ele>27.2</ele>
            </trkpt>
                        <trkpt lat="54.5459" lon="-5.75402">
                <ele>25.75</ele>
            </trkpt>
                        <trkpt lat="54.5463" lon="-5.75356">
                <ele>21.34</ele>
            </trkpt>
                        <trkpt lat="54.5467" lon="-5.75311">
                <ele>18.68</ele>
            </trkpt>
                        <trkpt lat="54.5472" lon="-5.75272">
                <ele>17.22</ele>
            </trkpt>
                        <trkpt lat="54.5477" lon="-5.75233">
                <ele>16.99</ele>
            </trkpt>
                        <trkpt lat="54.5477" lon="-5.75231">
                <ele>17.04</ele>
            </trkpt>
                        <trkpt lat="54.5479" lon="-5.75236">
                <ele>17.04</ele>
            </trkpt>
                        <trkpt lat="54.548" lon="-5.75248">
                <ele>17.18</ele>
            </trkpt>
                        <trkpt lat="54.5479" lon="-5.75273">
                <ele>17.21</ele>
            </trkpt>
                        <trkpt lat="54.5478" lon="-5.75314">
                <ele>17.51</ele>
            </trkpt>
                        <trkpt lat="54.5477" lon="-5.75372">
                <ele>18.57</ele>
            </trkpt>
                        <trkpt lat="54.5475" lon="-5.7544">
                <ele>19.92</ele>
            </trkpt>
                        <trkpt lat="54.5473" lon="-5.75489">
                <ele>22.02</ele>
            </trkpt>
                        <trkpt lat="54.5472" lon="-5.75532">
                <ele>23.62</ele>
            </trkpt>
                        <trkpt lat="54.5472" lon="-5.75543">
                <ele>23.62</ele>
            </trkpt>
                        <trkpt lat="54.5473" lon="-5.75546">
                <ele>23.06</ele>
            </trkpt>
                        <trkpt lat="54.5479" lon="-5.75527">
                <ele>22.78</ele>
            </trkpt>
                        <trkpt lat="54.5485" lon="-5.75507">
                <ele>22.84</ele>
            </trkpt>
                        <trkpt lat="54.5484" lon="-5.75507">
                <ele>22.84</ele>
            </trkpt>
                        <trkpt lat="54.549" lon="-5.75489">
                <ele>22.44</ele>
            </trkpt>
                        <trkpt lat="54.5495" lon="-5.7547">
                <ele>21.15</ele>
            </trkpt>
                        <trkpt lat="54.5499" lon="-5.75458">
                <ele>19.89</ele>
            </trkpt>
                        <trkpt lat="54.5503" lon="-5.75454">
                <ele>18.94</ele>
            </trkpt>
                        <trkpt lat="54.5504" lon="-5.75455">
                <ele>18.59</ele>
            </trkpt>
                        <trkpt lat="54.5508" lon="-5.75463">
                <ele>16.8</ele>
            </trkpt>
                        <trkpt lat="54.5512" lon="-5.75475">
                <ele>15.75</ele>
            </trkpt>
                        <trkpt lat="54.5515" lon="-5.75497">
                <ele>13.94</ele>
            </trkpt>
                        <trkpt lat="54.5516" lon="-5.75503">
                <ele>13.94</ele>
            </trkpt>
                        <trkpt lat="54.5517" lon="-5.7551">
                <ele>14.56</ele>
            </trkpt>
                        <trkpt lat="54.5517" lon="-5.75524">
                <ele>14.56</ele>
            </trkpt>
                        <trkpt lat="54.5519" lon="-5.75543">
                <ele>14.95</ele>
            </trkpt>
                        <trkpt lat="54.5523" lon="-5.75593">
                <ele>17.68</ele>
            </trkpt>
                        <trkpt lat="54.5525" lon="-5.75603">
                <ele>18.15</ele>
            </trkpt>
                        <trkpt lat="54.5533" lon="-5.75637">
                <ele>18.77</ele>
            </trkpt>
                        <trkpt lat="54.5533" lon="-5.75637">
                <ele>18.77</ele>
            </trkpt>
                        <trkpt lat="54.5534" lon="-5.75632">
                <ele>18.77</ele>
            </trkpt>
                        <trkpt lat="54.5534" lon="-5.75621">
                <ele>19.16</ele>
            </trkpt>
                        <trkpt lat="54.5535" lon="-5.75598">
                <ele>19.16</ele>
            </trkpt>
                        <trkpt lat="54.5543" lon="-5.75654">
                <ele>18.53</ele>
            </trkpt>
                        <trkpt lat="54.5551" lon="-5.7571">
                <ele>18.14</ele>
            </trkpt>
                        <trkpt lat="54.5556" lon="-5.75747">
                <ele>17.76</ele>
            </trkpt>
                        <trkpt lat="54.5562" lon="-5.75785">
                <ele>17.34</ele>
            </trkpt>
                        <trkpt lat="54.557" lon="-5.75834">
                <ele>16.39</ele>
            </trkpt>
                        <trkpt lat="54.5577" lon="-5.75883">
                <ele>15.64</ele>
            </trkpt>
                        <trkpt lat="54.5582" lon="-5.75917">
                <ele>14.96</ele>
            </trkpt>
                        <trkpt lat="54.5587" lon="-5.75951">
                <ele>14.7</ele>
            </trkpt>
                        <trkpt lat="54.5587" lon="-5.75952">
                <ele>14.69</ele>
            </trkpt>
                        <trkpt lat="54.5589" lon="-5.75982">
                <ele>14.24</ele>
            </trkpt>
                        <trkpt lat="54.5594" lon="-5.76056">
                <ele>14.67</ele>
            </trkpt>
                        <trkpt lat="54.5598" lon="-5.7613">
                <ele>14.53</ele>
            </trkpt>
                        <trkpt lat="54.5604" lon="-5.76196">
                <ele>14.55</ele>
            </trkpt>
                        <trkpt lat="54.5608" lon="-5.76256">
                <ele>13.57</ele>
            </trkpt>
                        <trkpt lat="54.5613" lon="-5.76315">
                <ele>14.6</ele>
            </trkpt>
                        <trkpt lat="54.5616" lon="-5.76345">
                <ele>16.5</ele>
            </trkpt>
                        <trkpt lat="54.5621" lon="-5.76393">
                <ele>17.75</ele>
            </trkpt>
                        <trkpt lat="54.5626" lon="-5.7645">
                <ele>17.4</ele>
            </trkpt>
                        <trkpt lat="54.563" lon="-5.76505">
                <ele>16.96</ele>
            </trkpt>
                        <trkpt lat="54.5636" lon="-5.76577">
                <ele>16.77</ele>
            </trkpt>
                        <trkpt lat="54.5641" lon="-5.76625">
                <ele>16.94</ele>
            </trkpt>
                        <trkpt lat="54.5646" lon="-5.76674">
                <ele>16.21</ele>
            </trkpt>
                        <trkpt lat="54.5651" lon="-5.76709">
                <ele>16.51</ele>
            </trkpt>
                        <trkpt lat="54.5655" lon="-5.76733">
                <ele>16.81</ele>
            </trkpt>
                        <trkpt lat="54.5663" lon="-5.76768">
                <ele>15.69</ele>
            </trkpt>
                        <trkpt lat="54.567" lon="-5.76818">
                <ele>15.23</ele>
            </trkpt>
                        <trkpt lat="54.5672" lon="-5.76841">
                <ele>15.2</ele>
            </trkpt>
                        <trkpt lat="54.5678" lon="-5.76904">
                <ele>15.33</ele>
            </trkpt>
                        <trkpt lat="54.5681" lon="-5.76942">
                <ele>15.2</ele>
            </trkpt>
                        <trkpt lat="54.5684" lon="-5.76987">
                <ele>15.23</ele>
            </trkpt>
                        <trkpt lat="54.5689" lon="-5.77069">
                <ele>14.69</ele>
            </trkpt>
                        <trkpt lat="54.5692" lon="-5.77134">
                <ele>14.54</ele>
            </trkpt>
                        <trkpt lat="54.5695" lon="-5.77198">
                <ele>14.99</ele>
            </trkpt>
                        <trkpt lat="54.5693" lon="-5.77242">
                <ele>15.87</ele>
            </trkpt>
                        <trkpt lat="54.5692" lon="-5.77268">
                <ele>16.89</ele>
            </trkpt>
                        <trkpt lat="54.5691" lon="-5.77299">
                <ele>18.25</ele>
            </trkpt>
                        <trkpt lat="54.5691" lon="-5.77331">
                <ele>19.48</ele>
            </trkpt>
                        <trkpt lat="54.5691" lon="-5.77467">
                <ele>25.28</ele>
            </trkpt>
                        <trkpt lat="54.5692" lon="-5.77539">
                <ele>28.17</ele>
            </trkpt>
                        <trkpt lat="54.5694" lon="-5.77675">
                <ele>31.2</ele>
            </trkpt>
                        <trkpt lat="54.5696" lon="-5.77811">
                <ele>32.37</ele>
            </trkpt>
                        <trkpt lat="54.5696" lon="-5.7784">
                <ele>33.14</ele>
            </trkpt>
                        <trkpt lat="54.5698" lon="-5.77922">
                <ele>35.58</ele>
            </trkpt>
                        <trkpt lat="54.5698" lon="-5.77989">
                <ele>38.9</ele>
            </trkpt>
                        <trkpt lat="54.5698" lon="-5.78077">
                <ele>40.38</ele>
            </trkpt>
                        <trkpt lat="54.5699" lon="-5.78138">
                <ele>41.21</ele>
            </trkpt>
                        <trkpt lat="54.5699" lon="-5.78182">
                <ele>41.82</ele>
            </trkpt>
                        <trkpt lat="54.5701" lon="-5.78332">
                <ele>44.34</ele>
            </trkpt>
                        <trkpt lat="54.5702" lon="-5.78481">
                <ele>46.78</ele>
            </trkpt>
                        <trkpt lat="54.5703" lon="-5.78513">
                <ele>47.28</ele>
            </trkpt>
                        <trkpt lat="54.5704" lon="-5.78544">
                <ele>47.34</ele>
            </trkpt>
                        <trkpt lat="54.5706" lon="-5.786">
                <ele>46.41</ele>
            </trkpt>
                        <trkpt lat="54.5708" lon="-5.78628">
                <ele>45.4</ele>
            </trkpt>
                        <trkpt lat="54.5712" lon="-5.78689">
                <ele>41.47</ele>
            </trkpt>
                        <trkpt lat="54.5713" lon="-5.78709">
                <ele>40.93</ele>
            </trkpt>
                        <trkpt lat="54.5715" lon="-5.78781">
                <ele>39.73</ele>
            </trkpt>
                        <trkpt lat="54.5715" lon="-5.78816">
                <ele>40.11</ele>
            </trkpt>
                        <trkpt lat="54.5716" lon="-5.78872">
                <ele>40.94</ele>
            </trkpt>
                        <trkpt lat="54.5715" lon="-5.78901">
                <ele>40.94</ele>
            </trkpt>
                        <trkpt lat="54.5715" lon="-5.78933">
                <ele>41.84</ele>
            </trkpt>
                        <trkpt lat="54.5712" lon="-5.79035">
                <ele>42.79</ele>
            </trkpt>
                        <trkpt lat="54.571" lon="-5.79086">
                <ele>43.82</ele>
            </trkpt>
                        <trkpt lat="54.5709" lon="-5.7919">
                <ele>44.29</ele>
            </trkpt>
                        <trkpt lat="54.5707" lon="-5.79293">
                <ele>47.34</ele>
            </trkpt>
                        <trkpt lat="54.5705" lon="-5.79414">
                <ele>50.7</ele>
            </trkpt>
                        <trkpt lat="54.5706" lon="-5.79462">
                <ele>51.29</ele>
            </trkpt>
                        <trkpt lat="54.5706" lon="-5.79478">
                <ele>52.31</ele>
            </trkpt>
                        <trkpt lat="54.5704" lon="-5.79527">
                <ele>52.72</ele>
            </trkpt>
                        <trkpt lat="54.5704" lon="-5.79549">
                <ele>52.88</ele>
            </trkpt>
                        <trkpt lat="54.5705" lon="-5.79577">
                <ele>52.93</ele>
            </trkpt>
                        <trkpt lat="54.5708" lon="-5.7963">
                <ele>52.33</ele>
            </trkpt>
                        <trkpt lat="54.5709" lon="-5.79661">
                <ele>52.17</ele>
            </trkpt>
                        <trkpt lat="54.5709" lon="-5.7967">
                <ele>52.16</ele>
            </trkpt>
                        <trkpt lat="54.5709" lon="-5.79669">
                <ele>52.16</ele>
            </trkpt>
                        <trkpt lat="54.571" lon="-5.79747">
                <ele>53.78</ele>
            </trkpt>
                        <trkpt lat="54.5711" lon="-5.798">
                <ele>55.34</ele>
            </trkpt>
                        <trkpt lat="54.5711" lon="-5.79806">
                <ele>55.34</ele>
            </trkpt>
                        <trkpt lat="54.5712" lon="-5.79808">
                <ele>55.34</ele>
            </trkpt>
                        <trkpt lat="54.5716" lon="-5.79806">
                <ele>56.5</ele>
            </trkpt>
                        <trkpt lat="54.5717" lon="-5.79811">
                <ele>56.77</ele>
            </trkpt>
                        <trkpt lat="54.5718" lon="-5.79816">
                <ele>57.13</ele>
            </trkpt>
                        <trkpt lat="54.5714" lon="-5.79877">
                <ele>62.24</ele>
            </trkpt>
                        <trkpt lat="54.571" lon="-5.79939">
                <ele>65.44</ele>
            </trkpt>
                        <trkpt lat="54.5707" lon="-5.7999">
                <ele>69.68</ele>
            </trkpt>
                        <trkpt lat="54.5706" lon="-5.80108">
                <ele>74.85</ele>
            </trkpt>
                        <trkpt lat="54.5706" lon="-5.80226">
                <ele>75.03</ele>
            </trkpt>
                        <trkpt lat="54.5706" lon="-5.80259">
                <ele>74.79</ele>
            </trkpt>
                        <trkpt lat="54.5703" lon="-5.80381">
                <ele>67.58</ele>
            </trkpt>
                        <trkpt lat="54.5703" lon="-5.80416">
                <ele>65.82</ele>
            </trkpt>
                        <trkpt lat="54.5703" lon="-5.80449">
                <ele>63.84</ele>
            </trkpt>
                        <trkpt lat="54.5706" lon="-5.80538">
                <ele>67.24</ele>
            </trkpt>
                        <trkpt lat="54.5709" lon="-5.80627">
                <ele>71.55</ele>
            </trkpt>
                        <trkpt lat="54.571" lon="-5.80649">
                <ele>73.65</ele>
            </trkpt>
                        <trkpt lat="54.571" lon="-5.80705">
                <ele>77.1</ele>
            </trkpt>
                        <trkpt lat="54.5709" lon="-5.80827">
                <ele>83.74</ele>
            </trkpt>
                        <trkpt lat="54.5707" lon="-5.80949">
                <ele>84.09</ele>
            </trkpt>
                        <trkpt lat="54.5708" lon="-5.81015">
                <ele>86.22</ele>
            </trkpt>
                        <trkpt lat="54.5711" lon="-5.81029">
                <ele>87.02</ele>
            </trkpt>
                        <trkpt lat="54.5711" lon="-5.81047">
                <ele>87.81</ele>
            </trkpt>
                        <trkpt lat="54.5711" lon="-5.81055">
                <ele>87.81</ele>
            </trkpt>
                        <trkpt lat="54.5714" lon="-5.81118">
                <ele>91.91</ele>
            </trkpt>
                        <trkpt lat="54.5715" lon="-5.81163">
                <ele>95.75</ele>
            </trkpt>
                        <trkpt lat="54.5715" lon="-5.81164">
                <ele>95.75</ele>
            </trkpt>
                        <trkpt lat="54.5716" lon="-5.81209">
                <ele>97.44</ele>
            </trkpt>
                        <trkpt lat="54.5716" lon="-5.81319">
                <ele>96.96</ele>
            </trkpt>
                        <trkpt lat="54.5715" lon="-5.81397">
                <ele>97.16</ele>
            </trkpt>
                        <trkpt lat="54.5715" lon="-5.81549">
                <ele>102.57</ele>
            </trkpt>
                        <trkpt lat="54.5716" lon="-5.81625">
                <ele>106.45</ele>
            </trkpt>
                        <trkpt lat="54.5716" lon="-5.81688">
                <ele>110.75</ele>
            </trkpt>
                        <trkpt lat="54.5716" lon="-5.8173">
                <ele>113</ele>
            </trkpt>
                        <trkpt lat="54.5716" lon="-5.81766">
                <ele>114.34</ele>
            </trkpt>
                        <trkpt lat="54.5719" lon="-5.81854">
                <ele>116.55</ele>
            </trkpt>
                        <trkpt lat="54.5721" lon="-5.81939">
                <ele>119.3</ele>
            </trkpt>
                        <trkpt lat="54.5723" lon="-5.82023">
                <ele>120.39</ele>
            </trkpt>
                        <trkpt lat="54.5724" lon="-5.82162">
                <ele>120.85</ele>
            </trkpt>
                        <trkpt lat="54.5726" lon="-5.82255">
                <ele>121.46</ele>
            </trkpt>
                        <trkpt lat="54.5728" lon="-5.82332">
                <ele>121.55</ele>
            </trkpt>
                        <trkpt lat="54.5729" lon="-5.82378">
                <ele>121.89</ele>
            </trkpt>
                        <trkpt lat="54.5732" lon="-5.82428">
                <ele>121.43</ele>
            </trkpt>
                        <trkpt lat="54.5735" lon="-5.8254">
                <ele>120.79</ele>
            </trkpt>
                        <trkpt lat="54.5735" lon="-5.82591">
                <ele>120.36</ele>
            </trkpt>
                        <trkpt lat="54.5735" lon="-5.82631">
                <ele>119.7</ele>
            </trkpt>
                        <trkpt lat="54.5734" lon="-5.82708">
                <ele>117.72</ele>
            </trkpt>
                        <trkpt lat="54.5734" lon="-5.82732">
                <ele>117.63</ele>
            </trkpt>
                        <trkpt lat="54.5735" lon="-5.8279">
                <ele>118.4</ele>
            </trkpt>
                        <trkpt lat="54.5734" lon="-5.82814">
                <ele>119.57</ele>
            </trkpt>
                        <trkpt lat="54.5733" lon="-5.82894">
                <ele>120.33</ele>
            </trkpt>
                        <trkpt lat="54.5732" lon="-5.82936">
                <ele>120.43</ele>
            </trkpt>
                        <trkpt lat="54.5732" lon="-5.83034">
                <ele>122.21</ele>
            </trkpt>
                        <trkpt lat="54.5732" lon="-5.83161">
                <ele>123.45</ele>
            </trkpt>
                        <trkpt lat="54.5732" lon="-5.83226">
                <ele>123.44</ele>
            </trkpt>
                        <trkpt lat="54.5725" lon="-5.83264">
                <ele>121.97</ele>
            </trkpt>
                        <trkpt lat="54.5724" lon="-5.83273">
                <ele>122.18</ele>
            </trkpt>
                        <trkpt lat="54.5723" lon="-5.83297">
                <ele>122.11</ele>
            </trkpt>
                        <trkpt lat="54.5723" lon="-5.83314">
                <ele>122.11</ele>
            </trkpt>
                        <trkpt lat="54.5721" lon="-5.83445">
                <ele>122.84</ele>
            </trkpt>
                        <trkpt lat="54.572" lon="-5.83522">
                <ele>125.3</ele>
            </trkpt>
                        <trkpt lat="54.5719" lon="-5.83598">
                <ele>128.83</ele>
            </trkpt>
                        <trkpt lat="54.5719" lon="-5.83745">
                <ele>138.57</ele>
            </trkpt>
                        <trkpt lat="54.5718" lon="-5.83829">
                <ele>141.74</ele>
            </trkpt>
                        <trkpt lat="54.5717" lon="-5.83919">
                <ele>143.22</ele>
            </trkpt>
                        <trkpt lat="54.5715" lon="-5.84003">
                <ele>143.18</ele>
            </trkpt>
                        <trkpt lat="54.5713" lon="-5.84114">
                <ele>141.39</ele>
            </trkpt>
                        <trkpt lat="54.5709" lon="-5.84222">
                <ele>141.18</ele>
            </trkpt>
                        <trkpt lat="54.5707" lon="-5.84266">
                <ele>141.61</ele>
            </trkpt>
                        <trkpt lat="54.5707" lon="-5.84267">
                <ele>141.63</ele>
            </trkpt>
                        <trkpt lat="54.5707" lon="-5.84299">
                <ele>142.23</ele>
            </trkpt>
                        <trkpt lat="54.5702" lon="-5.84411">
                <ele>148.73</ele>
            </trkpt>
                        <trkpt lat="54.5701" lon="-5.84437">
                <ele>148.73</ele>
            </trkpt>
                        <trkpt lat="54.57" lon="-5.84505">
                <ele>151.81</ele>
            </trkpt>
                        <trkpt lat="54.5698" lon="-5.84574">
                <ele>155.04</ele>
            </trkpt>
                        <trkpt lat="54.5698" lon="-5.84604">
                <ele>157.54</ele>
            </trkpt>
                        <trkpt lat="54.5697" lon="-5.84665">
                <ele>158.89</ele>
            </trkpt>
                        <trkpt lat="54.5698" lon="-5.84761">
                <ele>163.34</ele>
            </trkpt>
                        <trkpt lat="54.5698" lon="-5.84889">
                <ele>166.34</ele>
            </trkpt>
                        <trkpt lat="54.5699" lon="-5.85017">
                <ele>165.81</ele>
            </trkpt>
                        <trkpt lat="54.5699" lon="-5.85052">
                <ele>164.72</ele>
            </trkpt>
                        <trkpt lat="54.5698" lon="-5.85069">
                <ele>163.58</ele>
            </trkpt>
                        <trkpt lat="54.5697" lon="-5.85094">
                <ele>161.75</ele>
            </trkpt>
                        <trkpt lat="54.5693" lon="-5.85162">
                <ele>154.33</ele>
            </trkpt>
                        <trkpt lat="54.569" lon="-5.85207">
                <ele>148.07</ele>
            </trkpt>
                        <trkpt lat="54.5688" lon="-5.85242">
                <ele>144.65</ele>
            </trkpt>
                        <trkpt lat="54.5687" lon="-5.85268">
                <ele>143.11</ele>
            </trkpt>
                        <trkpt lat="54.5685" lon="-5.85391">
                <ele>138.65</ele>
            </trkpt>
                        <trkpt lat="54.5683" lon="-5.8547">
                <ele>134.79</ele>
            </trkpt>
                        <trkpt lat="54.5682" lon="-5.85507">
                <ele>133.78</ele>
            </trkpt>
                        <trkpt lat="54.5682" lon="-5.85526">
                <ele>133.64</ele>
            </trkpt>
                        <trkpt lat="54.5683" lon="-5.85674">
                <ele>133.44</ele>
            </trkpt>
                        <trkpt lat="54.5682" lon="-5.85691">
                <ele>133.43</ele>
            </trkpt>
                        <trkpt lat="54.5681" lon="-5.85735">
                <ele>132.88</ele>
            </trkpt>
                        <trkpt lat="54.568" lon="-5.85802">
                <ele>131.92</ele>
            </trkpt>
                        <trkpt lat="54.5679" lon="-5.85892">
                <ele>127.92</ele>
            </trkpt>
                        <trkpt lat="54.5678" lon="-5.85918">
                <ele>125.6</ele>
            </trkpt>
                        <trkpt lat="54.5676" lon="-5.8598">
                <ele>123.74</ele>
            </trkpt>
                        <trkpt lat="54.5673" lon="-5.86095">
                <ele>121.42</ele>
            </trkpt>
                        <trkpt lat="54.5672" lon="-5.86155">
                <ele>120.3</ele>
            </trkpt>
                        <trkpt lat="54.567" lon="-5.86286">
                <ele>118.7</ele>
            </trkpt>
                        <trkpt lat="54.567" lon="-5.86335">
                <ele>118.99</ele>
            </trkpt>
                        <trkpt lat="54.5671" lon="-5.86399">
                <ele>120.04</ele>
            </trkpt>
                        <trkpt lat="54.5672" lon="-5.86456">
                <ele>121.33</ele>
            </trkpt>
                        <trkpt lat="54.5674" lon="-5.86507">
                <ele>120.23</ele>
            </trkpt>
                        <trkpt lat="54.5675" lon="-5.86569">
                <ele>117.87</ele>
            </trkpt>
                        <trkpt lat="54.5676" lon="-5.86616">
                <ele>115.99</ele>
            </trkpt>
                        <trkpt lat="54.5675" lon="-5.86636">
                <ele>115.7</ele>
            </trkpt>
                        <trkpt lat="54.5675" lon="-5.86654">
                <ele>115.02</ele>
            </trkpt>
                        <trkpt lat="54.5672" lon="-5.86666">
                <ele>115.4</ele>
            </trkpt>
                        <trkpt lat="54.5671" lon="-5.86666">
                <ele>116.02</ele>
            </trkpt>
                        <trkpt lat="54.567" lon="-5.86662">
                <ele>116.81</ele>
            </trkpt>
                        <trkpt lat="54.5668" lon="-5.86654">
                <ele>117.26</ele>
            </trkpt>
                        <trkpt lat="54.5667" lon="-5.86643">
                <ele>118.52</ele>
            </trkpt>
                        <trkpt lat="54.5666" lon="-5.86638">
                <ele>118.75</ele>
            </trkpt>
                        <trkpt lat="54.5666" lon="-5.86638">
                <ele>118.96</ele>
            </trkpt>
                        <trkpt lat="54.5665" lon="-5.86643">
                <ele>119.12</ele>
            </trkpt>
                        <trkpt lat="54.5665" lon="-5.86652">
                <ele>119.24</ele>
            </trkpt>
                        <trkpt lat="54.5665" lon="-5.86661">
                <ele>119.36</ele>
            </trkpt>
                        <trkpt lat="54.5665" lon="-5.86673">
                <ele>119.16</ele>
            </trkpt>
                        <trkpt lat="54.5666" lon="-5.86688">
                <ele>119.16</ele>
            </trkpt>
                        <trkpt lat="54.5668" lon="-5.86704">
                <ele>118.46</ele>
            </trkpt>
                        <trkpt lat="54.5672" lon="-5.86735">
                <ele>117.76</ele>
            </trkpt>
                        <trkpt lat="54.5673" lon="-5.86748">
                <ele>118.02</ele>
            </trkpt>
                        <trkpt lat="54.5673" lon="-5.86763">
                <ele>118.42</ele>
            </trkpt>
                        <trkpt lat="54.5673" lon="-5.86796">
                <ele>119.54</ele>
            </trkpt>
                        <trkpt lat="54.5673" lon="-5.86821">
                <ele>121.13</ele>
            </trkpt>
                        <trkpt lat="54.567" lon="-5.86939">
                <ele>128.18</ele>
            </trkpt>
                        <trkpt lat="54.5667" lon="-5.87056">
                <ele>133.44</ele>
            </trkpt>
                        <trkpt lat="54.5664" lon="-5.87174">
                <ele>139.18</ele>
            </trkpt>
                        <trkpt lat="54.5661" lon="-5.87291">
                <ele>143.01</ele>
            </trkpt>
                        <trkpt lat="54.5658" lon="-5.87391">
                <ele>141.77</ele>
            </trkpt>
                        <trkpt lat="54.5657" lon="-5.87455">
                <ele>137.89</ele>
            </trkpt>
                        <trkpt lat="54.5654" lon="-5.87595">
                <ele>126.84</ele>
            </trkpt>
                        <trkpt lat="54.5651" lon="-5.87735">
                <ele>120.39</ele>
            </trkpt>
                        <trkpt lat="54.5649" lon="-5.87875">
                <ele>117.58</ele>
            </trkpt>
                        <trkpt lat="54.5647" lon="-5.8796">
                <ele>112.18</ele>
            </trkpt>
                        <trkpt lat="54.5645" lon="-5.88037">
                <ele>107.28</ele>
            </trkpt>
                        <trkpt lat="54.5644" lon="-5.88095">
                <ele>104.74</ele>
            </trkpt>
                        <trkpt lat="54.5639" lon="-5.8822">
                <ele>103.3</ele>
            </trkpt>
                        <trkpt lat="54.5636" lon="-5.88336">
                <ele>104.86</ele>
            </trkpt>
                        <trkpt lat="54.5633" lon="-5.88452">
                <ele>112.69</ele>
            </trkpt>
                        <trkpt lat="54.563" lon="-5.88568">
                <ele>117.98</ele>
            </trkpt>
                        <trkpt lat="54.563" lon="-5.88568">
                <ele>118</ele>
            </trkpt>
                        <trkpt lat="54.5627" lon="-5.88661">
                <ele>120.02</ele>
            </trkpt>
                        <trkpt lat="54.5625" lon="-5.88754">
                <ele>119.12</ele>
            </trkpt>
                        <trkpt lat="54.5623" lon="-5.88816">
                <ele>115.88</ele>
            </trkpt>
                        <trkpt lat="54.5621" lon="-5.88854">
                <ele>112.22</ele>
            </trkpt>
                        <trkpt lat="54.5618" lon="-5.88911">
                <ele>110.36</ele>
            </trkpt>
                        <trkpt lat="54.5615" lon="-5.88949">
                <ele>110.56</ele>
            </trkpt>
                        <trkpt lat="54.5613" lon="-5.88977">
                <ele>110.86</ele>
            </trkpt>
                        <trkpt lat="54.5609" lon="-5.89008">
                <ele>111.65</ele>
            </trkpt>
                        <trkpt lat="54.5607" lon="-5.89019">
                <ele>112</ele>
            </trkpt>
                        <trkpt lat="54.56" lon="-5.89045">
                <ele>112.57</ele>
            </trkpt>
                        <trkpt lat="54.5593" lon="-5.8906">
                <ele>114.06</ele>
            </trkpt>
                        <trkpt lat="54.559" lon="-5.89064">
                <ele>114.64</ele>
            </trkpt>
                        <trkpt lat="54.5584" lon="-5.89066">
                <ele>115</ele>
            </trkpt>
                        <trkpt lat="54.5582" lon="-5.89069">
                <ele>115.33</ele>
            </trkpt>
                        <trkpt lat="54.558" lon="-5.89078">
                <ele>115.33</ele>
            </trkpt>
                        <trkpt lat="54.5578" lon="-5.8909">
                <ele>116.14</ele>
            </trkpt>
                        <trkpt lat="54.5575" lon="-5.89111">
                <ele>116.9</ele>
            </trkpt>
                        <trkpt lat="54.5573" lon="-5.89143">
                <ele>117.09</ele>
            </trkpt>
                        <trkpt lat="54.5569" lon="-5.89202">
                <ele>117.46</ele>
            </trkpt>
                        <trkpt lat="54.5564" lon="-5.89261">
                <ele>117.6</ele>
            </trkpt>
                        <trkpt lat="54.5562" lon="-5.89291">
                <ele>117.64</ele>
            </trkpt>
                        <trkpt lat="54.5561" lon="-5.89282">
                <ele>117.64</ele>
            </trkpt>
                        <trkpt lat="54.556" lon="-5.89283">
                <ele>117.9</ele>
            </trkpt>
                        <trkpt lat="54.556" lon="-5.89292">
                <ele>117.9</ele>
            </trkpt>
                        <trkpt lat="54.556" lon="-5.89297">
                <ele>118.05</ele>
            </trkpt>
                        <trkpt lat="54.556" lon="-5.89309">
                <ele>118.05</ele>
            </trkpt>
                        <trkpt lat="54.5555" lon="-5.89369">
                <ele>118.86</ele>
            </trkpt>
                        <trkpt lat="54.5549" lon="-5.8943">
                <ele>117.81</ele>
            </trkpt>
                        <trkpt lat="54.5547" lon="-5.89451">
                <ele>116.6</ele>
            </trkpt>
                        <trkpt lat="54.5544" lon="-5.8947">
                <ele>115.26</ele>
            </trkpt>
                        <trkpt lat="54.5541" lon="-5.89488">
                <ele>113.5</ele>
            </trkpt>
                        <trkpt lat="54.5537" lon="-5.89503">
                <ele>112.1</ele>
            </trkpt>
                        <trkpt lat="54.5531" lon="-5.89524">
                <ele>110.06</ele>
            </trkpt>
                        <trkpt lat="54.5525" lon="-5.89544">
                <ele>109.48</ele>
            </trkpt>
                        <trkpt lat="54.5519" lon="-5.89565">
                <ele>108.55</ele>
            </trkpt>
                        <trkpt lat="54.5516" lon="-5.89587">
                <ele>108.42</ele>
            </trkpt>
                        <trkpt lat="54.5514" lon="-5.89599">
                <ele>108.46</ele>
            </trkpt>
                        <trkpt lat="54.5513" lon="-5.89615">
                <ele>108.46</ele>
            </trkpt>
                        <trkpt lat="54.551" lon="-5.89662">
                <ele>108.94</ele>
            </trkpt>
                        <trkpt lat="54.5507" lon="-5.89725">
                <ele>111.68</ele>
            </trkpt>
                        <trkpt lat="54.5504" lon="-5.89811">
                <ele>117.25</ele>
            </trkpt>
                        <trkpt lat="54.5501" lon="-5.89897">
                <ele>123.08</ele>
            </trkpt>
                        <trkpt lat="54.5499" lon="-5.89951">
                <ele>124.86</ele>
            </trkpt>
                        <trkpt lat="54.5496" lon="-5.90017">
                <ele>125.45</ele>
            </trkpt>
                        <trkpt lat="54.5491" lon="-5.9011">
                <ele>122.93</ele>
            </trkpt>
                        <trkpt lat="54.5486" lon="-5.90204">
                <ele>118.58</ele>
            </trkpt>
                        <trkpt lat="54.5481" lon="-5.90297">
                <ele>110.74</ele>
            </trkpt>
                        <trkpt lat="54.5479" lon="-5.90319">
                <ele>108.16</ele>
            </trkpt>
                        <trkpt lat="54.5477" lon="-5.90341">
                <ele>106.79</ele>
            </trkpt>
                        <trkpt lat="54.5477" lon="-5.90342">
                <ele>106.71</ele>
            </trkpt>
                        <trkpt lat="54.5477" lon="-5.9035">
                <ele>106.71</ele>
            </trkpt>
                        <trkpt lat="54.547" lon="-5.90395">
                <ele>100.15</ele>
            </trkpt>
                        <trkpt lat="54.5468" lon="-5.90415">
                <ele>99.08</ele>
            </trkpt>
                        <trkpt lat="54.5467" lon="-5.90437">
                <ele>98.61</ele>
            </trkpt>
                        <trkpt lat="54.5466" lon="-5.90464">
                <ele>98.29</ele>
            </trkpt>
                        <trkpt lat="54.5466" lon="-5.9046">
                <ele>98.49</ele>
            </trkpt>
                        <trkpt lat="54.547" lon="-5.90488">
                <ele>98.7</ele>
            </trkpt>
                        <trkpt lat="54.5471" lon="-5.90488">
                <ele>98.68</ele>
            </trkpt>
                        <trkpt lat="54.5478" lon="-5.90544">
                <ele>97.75</ele>
            </trkpt>
                        <trkpt lat="54.5485" lon="-5.90599">
                <ele>95.4</ele>
            </trkpt>
                        <trkpt lat="54.5492" lon="-5.90654">
                <ele>93.11</ele>
            </trkpt>
                        <trkpt lat="54.5498" lon="-5.9071">
                <ele>89.63</ele>
            </trkpt>
                        <trkpt lat="54.5505" lon="-5.90767">
                <ele>87.61</ele>
            </trkpt>
                        <trkpt lat="54.5511" lon="-5.90824">
                <ele>85.3</ele>
            </trkpt>
                        <trkpt lat="54.5518" lon="-5.9088">
                <ele>82.51</ele>
            </trkpt>
                        <trkpt lat="54.552" lon="-5.90892">
                <ele>82.09</ele>
            </trkpt>
                        <trkpt lat="54.5523" lon="-5.90908">
                <ele>80.59</ele>
            </trkpt>
                        <trkpt lat="54.5525" lon="-5.90915">
                <ele>79.67</ele>
            </trkpt>
                        <trkpt lat="54.5528" lon="-5.9092">
                <ele>79.06</ele>
            </trkpt>
                        <trkpt lat="54.5531" lon="-5.90918">
                <ele>77.68</ele>
            </trkpt>
                        <trkpt lat="54.5534" lon="-5.90908">
                <ele>76.11</ele>
            </trkpt>
                        <trkpt lat="54.5536" lon="-5.90901">
                <ele>76.11</ele>
            </trkpt>
                        <trkpt lat="54.554" lon="-5.90875">
                <ele>74.44</ele>
            </trkpt>
                        <trkpt lat="54.5545" lon="-5.9083">
                <ele>72.81</ele>
            </trkpt>
                        <trkpt lat="54.555" lon="-5.90784">
                <ele>71.37</ele>
            </trkpt>
                        <trkpt lat="54.5552" lon="-5.9077">
                <ele>70.09</ele>
            </trkpt>
                        <trkpt lat="54.5555" lon="-5.90763">
                <ele>69.52</ele>
            </trkpt>
                        <trkpt lat="54.5557" lon="-5.90764">
                <ele>69.23</ele>
            </trkpt>
                        <trkpt lat="54.5559" lon="-5.90771">
                <ele>69.15</ele>
            </trkpt>
                        <trkpt lat="54.5564" lon="-5.90807">
                <ele>67.48</ele>
            </trkpt>
                        <trkpt lat="54.557" lon="-5.90844">
                <ele>65.18</ele>
            </trkpt>
                        <trkpt lat="54.5576" lon="-5.9088">
                <ele>63.58</ele>
            </trkpt>
                        <trkpt lat="54.558" lon="-5.90902">
                <ele>62.38</ele>
            </trkpt>
                        <trkpt lat="54.5583" lon="-5.90908">
                <ele>61.53</ele>
            </trkpt>
                        <trkpt lat="54.5588" lon="-5.90919">
                <ele>59.13</ele>
            </trkpt>
                        <trkpt lat="54.5593" lon="-5.90931">
                <ele>57.75</ele>
            </trkpt>
                        <trkpt lat="54.5601" lon="-5.90947">
                <ele>54.59</ele>
            </trkpt>
                        <trkpt lat="54.5609" lon="-5.90963">
                <ele>52.38</ele>
            </trkpt>
                        <trkpt lat="54.5617" lon="-5.90973">
                <ele>49.5</ele>
            </trkpt>
                        <trkpt lat="54.5624" lon="-5.90988">
                <ele>46.01</ele>
            </trkpt>
                        <trkpt lat="54.5626" lon="-5.90996">
                <ele>45.17</ele>
            </trkpt>
                        <trkpt lat="54.5631" lon="-5.91023">
                <ele>43.37</ele>
            </trkpt>
                        <trkpt lat="54.5635" lon="-5.91046">
                <ele>41.34</ele>
            </trkpt>
                        <trkpt lat="54.5639" lon="-5.91083">
                <ele>38.25</ele>
            </trkpt>
                        <trkpt lat="54.5644" lon="-5.9112">
                <ele>37.22</ele>
            </trkpt>
                        <trkpt lat="54.5648" lon="-5.91164">
                <ele>36.19</ele>
            </trkpt>
                        <trkpt lat="54.5653" lon="-5.9121">
                <ele>35.36</ele>
            </trkpt>
                        <trkpt lat="54.5659" lon="-5.91281">
                <ele>33.58</ele>
            </trkpt>
                        <trkpt lat="54.5665" lon="-5.91335">
                <ele>31.92</ele>
            </trkpt>
                        <trkpt lat="54.5667" lon="-5.91351">
                <ele>31.36</ele>
            </trkpt>
                        <trkpt lat="54.567" lon="-5.91359">
                <ele>30.86</ele>
            </trkpt>
                        <trkpt lat="54.5675" lon="-5.91365">
                <ele>29.68</ele>
            </trkpt>
                        <trkpt lat="54.5681" lon="-5.91372">
                <ele>29.06</ele>
            </trkpt>
                        <trkpt lat="54.5678" lon="-5.91516">
                <ele>28.82</ele>
            </trkpt>
                        <trkpt lat="54.5678" lon="-5.91517">
                <ele>28.82</ele>
            </trkpt>
                        <trkpt lat="54.5678" lon="-5.91549">
                <ele>28.77</ele>
            </trkpt>
                        <trkpt lat="54.5677" lon="-5.91606">
                <ele>28.5</ele>
            </trkpt>
                        <trkpt lat="54.5678" lon="-5.91661">
                <ele>28.22</ele>
            </trkpt>
                        <trkpt lat="54.5679" lon="-5.91735">
                <ele>27.9</ele>
            </trkpt>
                        <trkpt lat="54.5681" lon="-5.91837">
                <ele>27.4</ele>
            </trkpt>
                        <trkpt lat="54.5683" lon="-5.9194">
                <ele>26.87</ele>
            </trkpt>
                        <trkpt lat="54.5685" lon="-5.92042">
                <ele>26.08</ele>
            </trkpt>
                        <trkpt lat="54.5688" lon="-5.92142">
                <ele>24.28</ele>
            </trkpt>
                        <trkpt lat="54.5688" lon="-5.92165">
                <ele>22.56</ele>
            </trkpt>
                        <trkpt lat="54.5688" lon="-5.92222">
                <ele>21.32</ele>
            </trkpt>
                        <trkpt lat="54.5688" lon="-5.92269">
                <ele>19.3</ele>
            </trkpt>
                        <trkpt lat="54.5687" lon="-5.92299">
                <ele>19.3</ele>
            </trkpt>
                        <trkpt lat="54.5685" lon="-5.92338">
                <ele>18.21</ele>
            </trkpt>
                        <trkpt lat="54.5685" lon="-5.92355">
                <ele>17.46</ele>
            </trkpt>
                        <trkpt lat="54.5685" lon="-5.92377">
                <ele>17.46</ele>
            </trkpt>
                        <trkpt lat="54.5685" lon="-5.92393">
                <ele>17.14</ele>
            </trkpt>
                        <trkpt lat="54.5686" lon="-5.92426">
                <ele>15.81</ele>
            </trkpt>
                        <trkpt lat="54.5687" lon="-5.9244">
                <ele>15.81</ele>
            </trkpt>
                        <trkpt lat="54.5688" lon="-5.92447">
                <ele>15.81</ele>
            </trkpt>
                        <trkpt lat="54.5689" lon="-5.92452">
                <ele>14.34</ele>
            </trkpt>
                        <trkpt lat="54.5692" lon="-5.92449">
                <ele>13.13</ele>
            </trkpt>
                        <trkpt lat="54.5695" lon="-5.92456">
                <ele>11.69</ele>
            </trkpt>
                        <trkpt lat="54.5696" lon="-5.92463">
                <ele>11.3</ele>
            </trkpt>
                        <trkpt lat="54.5699" lon="-5.92484">
                <ele>9.86</ele>
            </trkpt>
                        <trkpt lat="54.5704" lon="-5.92536">
                <ele>7.97</ele>
            </trkpt>
                        <trkpt lat="54.5708" lon="-5.92588">
                <ele>6.66</ele>
            </trkpt>
                        <trkpt lat="54.5714" lon="-5.92659">
                <ele>5.87</ele>
            </trkpt>
                        <trkpt lat="54.5719" lon="-5.92727">
                <ele>5.72</ele>
            </trkpt>
                        <trkpt lat="54.5724" lon="-5.92794">
                <ele>5.71</ele>
            </trkpt>
                        <trkpt lat="54.5729" lon="-5.92862">
                <ele>5.62</ele>
            </trkpt>
                        <trkpt lat="54.5731" lon="-5.92888">
                <ele>5.61</ele>
            </trkpt>
                        <trkpt lat="54.5735" lon="-5.92916">
                <ele>5.66</ele>
            </trkpt>
                        <trkpt lat="54.5742" lon="-5.92953">
                <ele>5.57</ele>
            </trkpt>
                        <trkpt lat="54.5748" lon="-5.9299">
                <ele>5.76</ele>
            </trkpt>
                        <trkpt lat="54.575" lon="-5.93009">
                <ele>6.11</ele>
            </trkpt>
                        <trkpt lat="54.5751" lon="-5.93022">
                <ele>6.65</ele>
            </trkpt>
                        <trkpt lat="54.5751" lon="-5.93039">
                <ele>6.71</ele>
            </trkpt>
                        <trkpt lat="54.5749" lon="-5.93138">
                <ele>6.69</ele>
            </trkpt>
                        <trkpt lat="54.5748" lon="-5.93153">
                <ele>6.69</ele>
            </trkpt>
                        <trkpt lat="54.5748" lon="-5.93158">
                <ele>6.69</ele>
            </trkpt>
                        <trkpt lat="54.5746" lon="-5.93161">
                <ele>6.47</ele>
            </trkpt>
                        <trkpt lat="54.5744" lon="-5.93179">
                <ele>6.24</ele>
            </trkpt>
                        <trkpt lat="54.5742" lon="-5.93196">
                <ele>6.25</ele>
            </trkpt>
                        <trkpt lat="54.5742" lon="-5.93197">
                <ele>6.25</ele>
            </trkpt>
                        <trkpt lat="54.574" lon="-5.93229">
                <ele>6.49</ele>
            </trkpt>
                        <trkpt lat="54.5738" lon="-5.93247">
                <ele>6.78</ele>
            </trkpt>
                        <trkpt lat="54.5738" lon="-5.9326">
                <ele>6.78</ele>
            </trkpt>
                        <trkpt lat="54.5737" lon="-5.93256">
                <ele>6.78</ele>
            </trkpt>
                        <trkpt lat="54.5737" lon="-5.9326">
                <ele>6.77</ele>
            </trkpt>
                        <trkpt lat="54.5736" lon="-5.93268">
                <ele>6.77</ele>
            </trkpt>
                        <trkpt lat="54.5736" lon="-5.93278">
                <ele>6.97</ele>
            </trkpt>
                        <trkpt lat="54.573" lon="-5.93328">
                <ele>7.65</ele>
            </trkpt>
                        <trkpt lat="54.5724" lon="-5.93379">
                <ele>8.46</ele>
            </trkpt>
                        <trkpt lat="54.5718" lon="-5.93429">
                <ele>10.48</ele>
            </trkpt>
                        <trkpt lat="54.5714" lon="-5.9347">
                <ele>12.07</ele>
            </trkpt>
                        <trkpt lat="54.5712" lon="-5.93503">
                <ele>12.96</ele>
            </trkpt>
                        <trkpt lat="54.5709" lon="-5.93561">
                <ele>14.6</ele>
            </trkpt>
                        <trkpt lat="54.5707" lon="-5.93636">
                <ele>17.09</ele>
            </trkpt>
                        <trkpt lat="54.5704" lon="-5.93757">
                <ele>23.63</ele>
            </trkpt>
                        <trkpt lat="54.57" lon="-5.93878">
                <ele>27.53</ele>
            </trkpt>
                        <trkpt lat="54.5699" lon="-5.9393">
                <ele>28.39</ele>
            </trkpt>
                        <trkpt lat="54.5699" lon="-5.93991">
                <ele>28.82</ele>
            </trkpt>
                        <trkpt lat="54.5698" lon="-5.94111">
                <ele>27.73</ele>
            </trkpt>
                        <trkpt lat="54.5697" lon="-5.94232">
                <ele>27.73</ele>
            </trkpt>
                        <trkpt lat="54.5696" lon="-5.94352">
                <ele>28.32</ele>
            </trkpt>
                        <trkpt lat="54.5696" lon="-5.94436">
                <ele>27.97</ele>
            </trkpt>
                        <trkpt lat="54.5697" lon="-5.94488">
                <ele>27.28</ele>
            </trkpt>
                        <trkpt lat="54.57" lon="-5.94619">
                <ele>24.49</ele>
            </trkpt>
                        <trkpt lat="54.57" lon="-5.94704">
                <ele>23.26</ele>
            </trkpt>
                        <trkpt lat="54.5697" lon="-5.94707">
                <ele>22.89</ele>
            </trkpt>
                        <trkpt lat="54.5694" lon="-5.94723">
                <ele>22.78</ele>
            </trkpt>
                        <trkpt lat="54.5691" lon="-5.9475">
                <ele>22.85</ele>
            </trkpt>
                        <trkpt lat="54.5687" lon="-5.94803">
                <ele>23.63</ele>
            </trkpt>
                        <trkpt lat="54.5683" lon="-5.94856">
                <ele>26.46</ele>
            </trkpt>
                        <trkpt lat="54.568" lon="-5.94892">
                <ele>27.57</ele>
            </trkpt>
                        <trkpt lat="54.5678" lon="-5.94904">
                <ele>27.57</ele>
            </trkpt>
                        <trkpt lat="54.5672" lon="-5.94942">
                <ele>29.19</ele>
            </trkpt>
                        <trkpt lat="54.5667" lon="-5.9498">
                <ele>30.07</ele>
            </trkpt>
                        <trkpt lat="54.5661" lon="-5.95018">
                <ele>30.05</ele>
            </trkpt>
                        <trkpt lat="54.5658" lon="-5.9489">
                <ele>31.1</ele>
            </trkpt>
                        <trkpt lat="54.5656" lon="-5.94761">
                <ele>31.02</ele>
            </trkpt>
                        <trkpt lat="54.5653" lon="-5.94633">
                <ele>29.62</ele>
            </trkpt>
                        <trkpt lat="54.5651" lon="-5.94504">
                <ele>28.1</ele>
            </trkpt>
                        <trkpt lat="54.5648" lon="-5.94376">
                <ele>25.86</ele>
            </trkpt>
                    </trkseg>
    </trk>
</gpx>
