<?xml version="1.0" encoding="UTF-8"?>
<gpx creator="StravaGPX" version="1.1" xmlns="http://www.topografix.com/GPX/1/1" xmlns:xsi="http://www.w3.org/2001/XMLSchema-instance" xsi:schemaLocation="http://www.topografix.com/GPX/1/1 http://www.topografix.com/GPX/1/1/gpx.xsd">
 <metadata>
  <name>TQCC Sportive Reroute 2026</name>
  <author>
   <name>Colin Roberts</name>
   <link href="https://www.strava.com/athletes/271256"/>
  </author>
  <copyright author="OpenStreetMap contributors">
   <year>2020</year>
   <license>https://www.openstreetmap.org/copyright</license>
  </copyright>
  <link href="https://www.strava.com/routes/3499699149342567630"/>
 </metadata>
 <trk>
  <name>TQCC Sportive Reroute 2026</name>
  <link href="https://www.strava.com/routes/3499699149342567630"/>
  <type>cycling</type>
  <trkseg>
   <trkpt lat="54.56351000000001" lon="-5.94094">
    <ele>24.03</ele>
   </trkpt>
   <trkpt lat="54.563700000000004" lon="-5.94242">
    <ele>26.92</ele>
   </trkpt>
   <trkpt lat="54.563750000000006" lon="-5.94258">
    <ele>27.250000000000004</ele>
   </trkpt>
   <trkpt lat="54.56383" lon="-5.94265">
    <ele>27.340000000000003</ele>
   </trkpt>
   <trkpt lat="54.56389000000001" lon="-5.94266">
    <ele>27.340000000000003</ele>
   </trkpt>
   <trkpt lat="54.563950000000006" lon="-5.94265">
    <ele>26.37</ele>
   </trkpt>
   <trkpt lat="54.564550000000004" lon="-5.9423">
    <ele>23.71</ele>
   </trkpt>
   <trkpt lat="54.56480336888568" lon="-5.943613292533199">
    <ele>25.740000000000002</ele>
   </trkpt>
   <trkpt lat="54.56505672355114" lon="-5.944926601388797">
    <ele>28.37</ele>
   </trkpt>
   <trkpt lat="54.56531006399609" lon="-5.946239926566237">
    <ele>30.580000000000002</ele>
   </trkpt>
   <trkpt lat="54.56556339022019" lon="-5.947553268064957">
    <ele>31.6</ele>
   </trkpt>
   <trkpt lat="54.565816702223145" lon="-5.948866625884395">
    <ele>31.13</ele>
   </trkpt>
   <trkpt lat="54.56607" lon="-5.9501800000000005">
    <ele>30.050000000000004</ele>
   </trkpt>
   <trkpt lat="54.56538000085633" lon="-5.950650007991352">
    <ele>30.11</ele>
   </trkpt>
   <trkpt lat="54.564690000000006" lon="-5.95112">
    <ele>30.750000000000004</ele>
   </trkpt>
   <trkpt lat="54.56409000000001" lon="-5.9515">
    <ele>30.890000000000004</ele>
   </trkpt>
   <trkpt lat="54.563390000000005" lon="-5.9520100000000005">
    <ele>30.500000000000004</ele>
   </trkpt>
   <trkpt lat="54.56317000000001" lon="-5.95213">
    <ele>30.560000000000002</ele>
   </trkpt>
   <trkpt lat="54.56286000000001" lon="-5.95225">
    <ele>31.200000000000003</ele>
   </trkpt>
   <trkpt lat="54.56235" lon="-5.952350000000001">
    <ele>31.67</ele>
   </trkpt>
   <trkpt lat="54.56208" lon="-5.95242">
    <ele>31.73</ele>
   </trkpt>
   <trkpt lat="54.56156000000001" lon="-5.952610000000001">
    <ele>32.080000000000005</ele>
   </trkpt>
   <trkpt lat="54.56136000000001" lon="-5.95272">
    <ele>32.39</ele>
   </trkpt>
   <trkpt lat="54.56118000000001" lon="-5.95284">
    <ele>32.480000000000004</ele>
   </trkpt>
   <trkpt lat="54.56071000000001" lon="-5.953270000000001">
    <ele>32.34</ele>
   </trkpt>
   <trkpt lat="54.56016" lon="-5.9538400000000005">
    <ele>33.27</ele>
   </trkpt>
   <trkpt lat="54.55989" lon="-5.9541">
    <ele>33.85</ele>
   </trkpt>
   <trkpt lat="54.559445000608704" lon="-5.954465003934274">
    <ele>34.56</ele>
   </trkpt>
   <trkpt lat="54.559000000000005" lon="-5.95483">
    <ele>34.92</ele>
   </trkpt>
   <trkpt lat="54.558640000000004" lon="-5.95525">
    <ele>35.35</ele>
   </trkpt>
   <trkpt lat="54.558400000000006" lon="-5.955290000000001">
    <ele>35.6</ele>
   </trkpt>
   <trkpt lat="54.55829000000001" lon="-5.9553400000000005">
    <ele>35.63</ele>
   </trkpt>
   <trkpt lat="54.558150000000005" lon="-5.955430000000001">
    <ele>35.82000000000001</ele>
   </trkpt>
   <trkpt lat="54.557950000000005" lon="-5.9557">
    <ele>36.300000000000004</ele>
   </trkpt>
   <trkpt lat="54.55789000000001" lon="-5.95586">
    <ele>36.300000000000004</ele>
   </trkpt>
   <trkpt lat="54.55789000000001" lon="-5.9560200000000005">
    <ele>36.21000000000001</ele>
   </trkpt>
   <trkpt lat="54.55794" lon="-5.9562100000000004">
    <ele>36.04</ele>
   </trkpt>
   <trkpt lat="54.5581" lon="-5.956390000000001">
    <ele>35.52</ele>
   </trkpt>
   <trkpt lat="54.558220000000006" lon="-5.9567000000000005">
    <ele>34.09</ele>
   </trkpt>
   <trkpt lat="54.558240000000005" lon="-5.95683">
    <ele>33.45</ele>
   </trkpt>
   <trkpt lat="54.55825" lon="-5.957070000000001">
    <ele>32.660000000000004</ele>
   </trkpt>
   <trkpt lat="54.558150000000005" lon="-5.957630000000001">
    <ele>31.490000000000002</ele>
   </trkpt>
   <trkpt lat="54.55801" lon="-5.95861">
    <ele>31.160000000000004</ele>
   </trkpt>
   <trkpt lat="54.557970000000005" lon="-5.95903">
    <ele>31.6</ele>
   </trkpt>
   <trkpt lat="54.55796000277333" lon="-5.959850000101696">
    <ele>32.050000000000004</ele>
   </trkpt>
   <trkpt lat="54.557950000000005" lon="-5.96067">
    <ele>31.77</ele>
   </trkpt>
   <trkpt lat="54.557880000000004" lon="-5.96124">
    <ele>31.05</ele>
   </trkpt>
   <trkpt lat="54.55771000000001" lon="-5.96196">
    <ele>30.71</ele>
   </trkpt>
   <trkpt lat="54.557480000000005" lon="-5.962630000000001">
    <ele>29.61</ele>
   </trkpt>
   <trkpt lat="54.557280000000006" lon="-5.96304">
    <ele>29.23</ele>
   </trkpt>
   <trkpt lat="54.55704000000001" lon="-5.96344">
    <ele>28.19</ele>
   </trkpt>
   <trkpt lat="54.556583339141824" lon="-5.964276685336805">
    <ele>27.17</ele>
   </trkpt>
   <trkpt lat="54.556126672511496" lon="-5.96511335193658">
    <ele>26.94</ele>
   </trkpt>
   <trkpt lat="54.555670000000006" lon="-5.96595">
    <ele>28.060000000000002</ele>
   </trkpt>
   <trkpt lat="54.555460000000004" lon="-5.96628">
    <ele>28.46</ele>
   </trkpt>
   <trkpt lat="54.555220000000006" lon="-5.966810000000001">
    <ele>28.990000000000002</ele>
   </trkpt>
   <trkpt lat="54.555060000000005" lon="-5.96736">
    <ele>29.110000000000003</ele>
   </trkpt>
   <trkpt lat="54.55500000000001" lon="-5.96769">
    <ele>29.120000000000005</ele>
   </trkpt>
   <trkpt lat="54.554880000000004" lon="-5.96865">
    <ele>27.91</ele>
   </trkpt>
   <trkpt lat="54.55480000000001" lon="-5.969040000000001">
    <ele>26.680000000000003</ele>
   </trkpt>
   <trkpt lat="54.554680000000005" lon="-5.9694400000000005">
    <ele>25.810000000000002</ele>
   </trkpt>
   <trkpt lat="54.5544" lon="-5.97025">
    <ele>25.040000000000003</ele>
   </trkpt>
   <trkpt lat="54.55427" lon="-5.970720000000001">
    <ele>25.1</ele>
   </trkpt>
   <trkpt lat="54.55407" lon="-5.97175">
    <ele>26.71</ele>
   </trkpt>
   <trkpt lat="54.55393" lon="-5.97219">
    <ele>29.280000000000005</ele>
   </trkpt>
   <trkpt lat="54.55378" lon="-5.9725600000000005">
    <ele>30.19</ele>
   </trkpt>
   <trkpt lat="54.55357000000001" lon="-5.9729600000000005">
    <ele>32.03</ele>
   </trkpt>
   <trkpt lat="54.553270000000005" lon="-5.97337">
    <ele>33.35</ele>
   </trkpt>
   <trkpt lat="54.552855001013164" lon="-5.973860004957973">
    <ele>34.93</ele>
   </trkpt>
   <trkpt lat="54.552440000000004" lon="-5.97435">
    <ele>36.32000000000001</ele>
   </trkpt>
   <trkpt lat="54.55198000000001" lon="-5.97494">
    <ele>39.93</ele>
   </trkpt>
   <trkpt lat="54.55165" lon="-5.9753300000000005">
    <ele>42.18</ele>
   </trkpt>
   <trkpt lat="54.55118" lon="-5.975700000000001">
    <ele>45.040000000000006</ele>
   </trkpt>
   <trkpt lat="54.55093" lon="-5.97585">
    <ele>45.95</ele>
   </trkpt>
   <trkpt lat="54.55041000000001" lon="-5.9760100000000005">
    <ele>46.50000000000001</ele>
   </trkpt>
   <trkpt lat="54.54975" lon="-5.97606">
    <ele>46.49</ele>
   </trkpt>
   <trkpt lat="54.5493" lon="-5.9762">
    <ele>47.010000000000005</ele>
   </trkpt>
   <trkpt lat="54.54896" lon="-5.976360000000001">
    <ele>47.45</ele>
   </trkpt>
   <trkpt lat="54.54860000000001" lon="-5.9765500000000005">
    <ele>49.150000000000006</ele>
   </trkpt>
   <trkpt lat="54.548320000000004" lon="-5.97677">
    <ele>49.38000000000001</ele>
   </trkpt>
   <trkpt lat="54.54769" lon="-5.977430000000001">
    <ele>50.010000000000005</ele>
   </trkpt>
   <trkpt lat="54.54746" lon="-5.97761">
    <ele>49.760000000000005</ele>
   </trkpt>
   <trkpt lat="54.547200000000004" lon="-5.97775">
    <ele>48.99</ele>
   </trkpt>
   <trkpt lat="54.5467" lon="-5.9778">
    <ele>47.32</ele>
   </trkpt>
   <trkpt lat="54.546260000000004" lon="-5.97778">
    <ele>46.19</ele>
   </trkpt>
   <trkpt lat="54.54574000013391" lon="-5.977719999249027">
    <ele>45.59</ele>
   </trkpt>
   <trkpt lat="54.54522000000001" lon="-5.97766">
    <ele>45.67</ele>
   </trkpt>
   <trkpt lat="54.544900000000005" lon="-5.97764">
    <ele>45.68000000000001</ele>
   </trkpt>
   <trkpt lat="54.54469" lon="-5.97764">
    <ele>45.6</ele>
   </trkpt>
   <trkpt lat="54.54437000000001" lon="-5.977690000000001">
    <ele>45.470000000000006</ele>
   </trkpt>
   <trkpt lat="54.54385999991067" lon="-5.977780001146588">
    <ele>44.31</ele>
   </trkpt>
   <trkpt lat="54.543350000000004" lon="-5.97787">
    <ele>42.830000000000005</ele>
   </trkpt>
   <trkpt lat="54.54288000001936" lon="-5.977985001333233">
    <ele>40.080000000000005</ele>
   </trkpt>
   <trkpt lat="54.542410000000004" lon="-5.9781">
    <ele>39.580000000000005</ele>
   </trkpt>
   <trkpt lat="54.54233000000001" lon="-5.9781200000000005">
    <ele>39.39</ele>
   </trkpt>
   <trkpt lat="54.54216" lon="-5.97822">
    <ele>39.23</ele>
   </trkpt>
   <trkpt lat="54.542" lon="-5.97834">
    <ele>38.970000000000006</ele>
   </trkpt>
   <trkpt lat="54.541430000000005" lon="-5.9789900000000005">
    <ele>36.19</ele>
   </trkpt>
   <trkpt lat="54.54111" lon="-5.97937">
    <ele>34.49</ele>
   </trkpt>
   <trkpt lat="54.54079" lon="-5.979830000000001">
    <ele>33.47</ele>
   </trkpt>
   <trkpt lat="54.54063000000001" lon="-5.98">
    <ele>33.14</ele>
   </trkpt>
   <trkpt lat="54.54023000029958" lon="-5.980375003938531">
    <ele>34.14</ele>
   </trkpt>
   <trkpt lat="54.53983" lon="-5.9807500000000005">
    <ele>35.27</ele>
   </trkpt>
   <trkpt lat="54.53934" lon="-5.98134">
    <ele>34.54</ele>
   </trkpt>
   <trkpt lat="54.53895000000001" lon="-5.98162">
    <ele>32.230000000000004</ele>
   </trkpt>
   <trkpt lat="54.538323333971036" lon="-5.981910008931976">
    <ele>28.080000000000002</ele>
   </trkpt>
   <trkpt lat="54.53769666724842" lon="-5.982200008957698">
    <ele>25.62</ele>
   </trkpt>
   <trkpt lat="54.53707000000001" lon="-5.98249">
    <ele>21.5</ele>
   </trkpt>
   <trkpt lat="54.53631000000001" lon="-5.98277">
    <ele>16.990000000000002</ele>
   </trkpt>
   <trkpt lat="54.53607" lon="-5.98282">
    <ele>17.27</ele>
   </trkpt>
   <trkpt lat="54.53528000000001" lon="-5.983090000000001">
    <ele>14.51</ele>
   </trkpt>
   <trkpt lat="54.53486" lon="-5.983180000000001">
    <ele>14.370000000000001</ele>
   </trkpt>
   <trkpt lat="54.53479" lon="-5.98322">
    <ele>14.350000000000001</ele>
   </trkpt>
   <trkpt lat="54.53468" lon="-5.98334">
    <ele>14.360000000000001</ele>
   </trkpt>
   <trkpt lat="54.534600000000005" lon="-5.9834700000000005">
    <ele>14.4</ele>
   </trkpt>
   <trkpt lat="54.53432500249751" lon="-5.984240005040957">
    <ele>15.3</ele>
   </trkpt>
   <trkpt lat="54.53405000000001" lon="-5.985010000000001">
    <ele>16.86</ele>
   </trkpt>
   <trkpt lat="54.534040000000005" lon="-5.985010000000001">
    <ele>16.86</ele>
   </trkpt>
   <trkpt lat="54.533500000000004" lon="-5.9847600000000005">
    <ele>17.12</ele>
   </trkpt>
   <trkpt lat="54.5329050002055" lon="-5.984524996565729">
    <ele>17.12</ele>
   </trkpt>
   <trkpt lat="54.53231" lon="-5.9842900000000006">
    <ele>17.63</ele>
   </trkpt>
   <trkpt lat="54.53213" lon="-5.984190000000001">
    <ele>18.160000000000004</ele>
   </trkpt>
   <trkpt lat="54.53170000000001" lon="-5.9838700000000005">
    <ele>19.919999999999998</ele>
   </trkpt>
   <trkpt lat="54.53125000000001" lon="-5.98341">
    <ele>21.910000000000004</ele>
   </trkpt>
   <trkpt lat="54.53088" lon="-5.9828600000000005">
    <ele>23.330000000000002</ele>
   </trkpt>
   <trkpt lat="54.530330000000006" lon="-5.98181">
    <ele>27.78</ele>
   </trkpt>
   <trkpt lat="54.53005" lon="-5.981420000000001">
    <ele>30.340000000000003</ele>
   </trkpt>
   <trkpt lat="54.52976" lon="-5.98113">
    <ele>31.57</ele>
   </trkpt>
   <trkpt lat="54.52933" lon="-5.980840000000001">
    <ele>32.720000000000006</ele>
   </trkpt>
   <trkpt lat="54.529180000000004" lon="-5.98078">
    <ele>32.720000000000006</ele>
   </trkpt>
   <trkpt lat="54.528850000000006" lon="-5.98071">
    <ele>32.74</ele>
   </trkpt>
   <trkpt lat="54.52870000000001" lon="-5.98071">
    <ele>32.49</ele>
   </trkpt>
   <trkpt lat="54.528090000000006" lon="-5.98078">
    <ele>31.69</ele>
   </trkpt>
   <trkpt lat="54.52778000000001" lon="-5.9807500000000005">
    <ele>31.240000000000002</ele>
   </trkpt>
   <trkpt lat="54.52741" lon="-5.980630000000001">
    <ele>31.66</ele>
   </trkpt>
   <trkpt lat="54.52716" lon="-5.9805">
    <ele>31.96</ele>
   </trkpt>
   <trkpt lat="54.52682000000001" lon="-5.98024">
    <ele>32.410000000000004</ele>
   </trkpt>
   <trkpt lat="54.52627500133228" lon="-5.979674992474458">
    <ele>34.7</ele>
   </trkpt>
   <trkpt lat="54.52573" lon="-5.97911">
    <ele>35.31</ele>
   </trkpt>
   <trkpt lat="54.525470000000006" lon="-5.978870000000001">
    <ele>35.120000000000005</ele>
   </trkpt>
   <trkpt lat="54.525180000000006" lon="-5.97864">
    <ele>34.82</ele>
   </trkpt>
   <trkpt lat="54.52459000052361" lon="-5.978229993957741">
    <ele>34.58</ele>
   </trkpt>
   <trkpt lat="54.524" lon="-5.97782">
    <ele>34.660000000000004</ele>
   </trkpt>
   <trkpt lat="54.52357000000001" lon="-5.977650000000001">
    <ele>35.28000000000001</ele>
   </trkpt>
   <trkpt lat="54.52355000000001" lon="-5.97733">
    <ele>36.01</ele>
   </trkpt>
   <trkpt lat="54.52333" lon="-5.977150000000001">
    <ele>36.34</ele>
   </trkpt>
   <trkpt lat="54.52310000000001" lon="-5.97691">
    <ele>37.85</ele>
   </trkpt>
   <trkpt lat="54.52266" lon="-5.97627">
    <ele>41.5</ele>
   </trkpt>
   <trkpt lat="54.522560000000006" lon="-5.9762">
    <ele>41.63</ele>
   </trkpt>
   <trkpt lat="54.521890000000006" lon="-5.97597">
    <ele>42.230000000000004</ele>
   </trkpt>
   <trkpt lat="54.521640000000005" lon="-5.9759400000000005">
    <ele>42.65</ele>
   </trkpt>
   <trkpt lat="54.521440000000005" lon="-5.97595">
    <ele>43.07</ele>
   </trkpt>
   <trkpt lat="54.52109" lon="-5.9760100000000005">
    <ele>45.44</ele>
   </trkpt>
   <trkpt lat="54.520900000000005" lon="-5.97597">
    <ele>46.06</ele>
   </trkpt>
   <trkpt lat="54.520810000000004" lon="-5.97592">
    <ele>45.96</ele>
   </trkpt>
   <trkpt lat="54.52051" lon="-5.97562">
    <ele>44.29</ele>
   </trkpt>
   <trkpt lat="54.52035000000001" lon="-5.9755">
    <ele>43.67</ele>
   </trkpt>
   <trkpt lat="54.520120000000006" lon="-5.9754000000000005">
    <ele>43.32</ele>
   </trkpt>
   <trkpt lat="54.51995" lon="-5.97536">
    <ele>43.59</ele>
   </trkpt>
   <trkpt lat="54.519510000000004" lon="-5.975320000000001">
    <ele>44.53000000000001</ele>
   </trkpt>
   <trkpt lat="54.51908" lon="-5.975250000000001">
    <ele>47.330000000000005</ele>
   </trkpt>
   <trkpt lat="54.518980000000006" lon="-5.97522">
    <ele>48.68</ele>
   </trkpt>
   <trkpt lat="54.5189" lon="-5.97517">
    <ele>50.550000000000004</ele>
   </trkpt>
   <trkpt lat="54.518820000000005" lon="-5.97508">
    <ele>50.580000000000005</ele>
   </trkpt>
   <trkpt lat="54.51865" lon="-5.97475">
    <ele>52.27</ele>
   </trkpt>
   <trkpt lat="54.518570000000004" lon="-5.9743900000000005">
    <ele>53.34</ele>
   </trkpt>
   <trkpt lat="54.51858000000001" lon="-5.97409">
    <ele>53.910000000000004</ele>
   </trkpt>
   <trkpt lat="54.51865" lon="-5.9735700000000005">
    <ele>55.64</ele>
   </trkpt>
   <trkpt lat="54.51865" lon="-5.973400000000001">
    <ele>55.980000000000004</ele>
   </trkpt>
   <trkpt lat="54.518530000000005" lon="-5.97259">
    <ele>57.620000000000005</ele>
   </trkpt>
   <trkpt lat="54.51852" lon="-5.9723500000000005">
    <ele>58.06000000000001</ele>
   </trkpt>
   <trkpt lat="54.518580002705285" lon="-5.971540001202332">
    <ele>59.620000000000005</ele>
   </trkpt>
   <trkpt lat="54.518640000000005" lon="-5.9707300000000005">
    <ele>63.14</ele>
   </trkpt>
   <trkpt lat="54.51861" lon="-5.97057">
    <ele>63.14</ele>
   </trkpt>
   <trkpt lat="54.51840000000001" lon="-5.96982">
    <ele>65.03</ele>
   </trkpt>
   <trkpt lat="54.518370000000004" lon="-5.96975">
    <ele>65.03</ele>
   </trkpt>
   <trkpt lat="54.518260000000005" lon="-5.96963">
    <ele>65.99000000000001</ele>
   </trkpt>
   <trkpt lat="54.51814" lon="-5.9695800000000006">
    <ele>67.34</ele>
   </trkpt>
   <trkpt lat="54.51749500018222" lon="-5.969419997492216">
    <ele>69.33</ele>
   </trkpt>
   <trkpt lat="54.516850000000005" lon="-5.96926">
    <ele>70.74000000000001</ele>
   </trkpt>
   <trkpt lat="54.51648" lon="-5.96902">
    <ele>72.77</ele>
   </trkpt>
   <trkpt lat="54.516290000000005" lon="-5.9688300000000005">
    <ele>77.45</ele>
   </trkpt>
   <trkpt lat="54.515620000000006" lon="-5.96802">
    <ele>80.99000000000001</ele>
   </trkpt>
   <trkpt lat="54.51552" lon="-5.96785">
    <ele>82.49000000000001</ele>
   </trkpt>
   <trkpt lat="54.515420000000006" lon="-5.96743">
    <ele>83.29</ele>
   </trkpt>
   <trkpt lat="54.51534" lon="-5.96637">
    <ele>87.21000000000001</ele>
   </trkpt>
   <trkpt lat="54.51534" lon="-5.9651000000000005">
    <ele>92.45</ele>
   </trkpt>
   <trkpt lat="54.51531000000001" lon="-5.96497">
    <ele>92.45</ele>
   </trkpt>
   <trkpt lat="54.515260000000005" lon="-5.96487">
    <ele>94.4</ele>
   </trkpt>
   <trkpt lat="54.515150000000006" lon="-5.96475">
    <ele>94.92</ele>
   </trkpt>
   <trkpt lat="54.51485" lon="-5.9645600000000005">
    <ele>96.05000000000001</ele>
   </trkpt>
   <trkpt lat="54.51436" lon="-5.96419">
    <ele>97.45</ele>
   </trkpt>
   <trkpt lat="54.51415000000001" lon="-5.964090000000001">
    <ele>98.09</ele>
   </trkpt>
   <trkpt lat="54.514" lon="-5.96408">
    <ele>98.18</ele>
   </trkpt>
   <trkpt lat="54.514" lon="-5.96407">
    <ele>98.18</ele>
   </trkpt>
   <trkpt lat="54.513850000000005" lon="-5.964090000000001">
    <ele>98.61</ele>
   </trkpt>
   <trkpt lat="54.513740000000006" lon="-5.96415">
    <ele>98.61</ele>
   </trkpt>
   <trkpt lat="54.51362" lon="-5.96426">
    <ele>99.03</ele>
   </trkpt>
   <trkpt lat="54.51352000000001" lon="-5.9644">
    <ele>99.28</ele>
   </trkpt>
   <trkpt lat="54.51343000000001" lon="-5.96459">
    <ele>100.21000000000001</ele>
   </trkpt>
   <trkpt lat="54.51326" lon="-5.96522">
    <ele>100.97</ele>
   </trkpt>
   <trkpt lat="54.513180000000006" lon="-5.96541">
    <ele>101.48000000000002</ele>
   </trkpt>
   <trkpt lat="54.512570000000004" lon="-5.96642">
    <ele>103.9</ele>
   </trkpt>
   <trkpt lat="54.51214" lon="-5.966880000000001">
    <ele>104.25000000000001</ele>
   </trkpt>
   <trkpt lat="54.51153500126209" lon="-5.967425008038145">
    <ele>105.04</ele>
   </trkpt>
   <trkpt lat="54.51093" lon="-5.96797">
    <ele>108.91000000000001</ele>
   </trkpt>
   <trkpt lat="54.510510000000004" lon="-5.96842">
    <ele>111.07000000000001</ele>
   </trkpt>
   <trkpt lat="54.50995" lon="-5.969110000000001">
    <ele>107.73</ele>
   </trkpt>
   <trkpt lat="54.50954000079085" lon="-5.969595005079612">
    <ele>103.73</ele>
   </trkpt>
   <trkpt lat="54.509130000000006" lon="-5.97008">
    <ele>100.28</ele>
   </trkpt>
   <trkpt lat="54.50892" lon="-5.97025">
    <ele>100.15</ele>
   </trkpt>
   <trkpt lat="54.508750000000006" lon="-5.97036">
    <ele>100.27000000000001</ele>
   </trkpt>
   <trkpt lat="54.50864000000001" lon="-5.97039">
    <ele>100.45</ele>
   </trkpt>
   <trkpt lat="54.50791" lon="-5.97046">
    <ele>101.43</ele>
   </trkpt>
   <trkpt lat="54.50743000000001" lon="-5.9705200000000005">
    <ele>103.71000000000001</ele>
   </trkpt>
   <trkpt lat="54.50708" lon="-5.9706">
    <ele>105.67000000000002</ele>
   </trkpt>
   <trkpt lat="54.50665000000001" lon="-5.9705">
    <ele>110.09</ele>
   </trkpt>
   <trkpt lat="54.5063" lon="-5.97034">
    <ele>112.34</ele>
   </trkpt>
   <trkpt lat="54.50607" lon="-5.97032">
    <ele>113.44000000000001</ele>
   </trkpt>
   <trkpt lat="54.505860000000006" lon="-5.97032">
    <ele>114.72</ele>
   </trkpt>
   <trkpt lat="54.50574" lon="-5.970280000000001">
    <ele>114.72</ele>
   </trkpt>
   <trkpt lat="54.505390000000006" lon="-5.96999">
    <ele>116.46000000000001</ele>
   </trkpt>
   <trkpt lat="54.50526000000001" lon="-5.9698400000000005">
    <ele>117.36</ele>
   </trkpt>
   <trkpt lat="54.50506000000001" lon="-5.9695100000000005">
    <ele>117.86</ele>
   </trkpt>
   <trkpt lat="54.504940000000005" lon="-5.96938">
    <ele>118.57000000000001</ele>
   </trkpt>
   <trkpt lat="54.504720000000006" lon="-5.96928">
    <ele>120.07000000000001</ele>
   </trkpt>
   <trkpt lat="54.5046" lon="-5.96926">
    <ele>120.07000000000001</ele>
   </trkpt>
   <trkpt lat="54.504340000000006" lon="-5.96935">
    <ele>121.68</ele>
   </trkpt>
   <trkpt lat="54.504180000000005" lon="-5.96947">
    <ele>122.69</ele>
   </trkpt>
   <trkpt lat="54.5041" lon="-5.96956">
    <ele>123.86000000000001</ele>
   </trkpt>
   <trkpt lat="54.503980000000006" lon="-5.96973">
    <ele>126.09</ele>
   </trkpt>
   <trkpt lat="54.503710000000005" lon="-5.97022">
    <ele>133.75</ele>
   </trkpt>
   <trkpt lat="54.50301" lon="-5.9709">
    <ele>141.66</ele>
   </trkpt>
   <trkpt lat="54.50263" lon="-5.97139">
    <ele>147.92000000000002</ele>
   </trkpt>
   <trkpt lat="54.50251000000001" lon="-5.97146">
    <ele>147.92000000000002</ele>
   </trkpt>
   <trkpt lat="54.50218" lon="-5.971590000000001">
    <ele>152.91000000000003</ele>
   </trkpt>
   <trkpt lat="54.501740000000005" lon="-5.97189">
    <ele>156.24</ele>
   </trkpt>
   <trkpt lat="54.501380000000005" lon="-5.97205">
    <ele>159.69000000000003</ele>
   </trkpt>
   <trkpt lat="54.501200000000004" lon="-5.97215">
    <ele>161.10000000000002</ele>
   </trkpt>
   <trkpt lat="54.50104" lon="-5.9722800000000005">
    <ele>161.76000000000002</ele>
   </trkpt>
   <trkpt lat="54.5009" lon="-5.97243">
    <ele>161.89000000000001</ele>
   </trkpt>
   <trkpt lat="54.50067000000001" lon="-5.97271">
    <ele>161.89000000000001</ele>
   </trkpt>
   <trkpt lat="54.500490000000006" lon="-5.973000000000001">
    <ele>161.89000000000001</ele>
   </trkpt>
   <trkpt lat="54.50019000139275" lon="-5.973580004248103">
    <ele>161.73000000000002</ele>
   </trkpt>
   <trkpt lat="54.49989000000001" lon="-5.97416">
    <ele>160.47</ele>
   </trkpt>
   <trkpt lat="54.499790000000004" lon="-5.9743">
    <ele>159.9</ele>
   </trkpt>
   <trkpt lat="54.49936000142703" lon="-5.974900006393959">
    <ele>154.34</ele>
   </trkpt>
   <trkpt lat="54.49893" lon="-5.9755">
    <ele>149.51</ele>
   </trkpt>
   <trkpt lat="54.498650000000005" lon="-5.97581">
    <ele>147.08</ele>
   </trkpt>
   <trkpt lat="54.498400000000004" lon="-5.97595">
    <ele>146.49</ele>
   </trkpt>
   <trkpt lat="54.49830000000001" lon="-5.97597">
    <ele>146.52</ele>
   </trkpt>
   <trkpt lat="54.49815" lon="-5.97597">
    <ele>146.61</ele>
   </trkpt>
   <trkpt lat="54.497510000000005" lon="-5.97585">
    <ele>151.56</ele>
   </trkpt>
   <trkpt lat="54.497400000000006" lon="-5.97585">
    <ele>151.69000000000003</ele>
   </trkpt>
   <trkpt lat="54.49729000000001" lon="-5.97588">
    <ele>151.7</ele>
   </trkpt>
   <trkpt lat="54.49672" lon="-5.97623">
    <ele>149.02</ele>
   </trkpt>
   <trkpt lat="54.495900000000006" lon="-5.97667">
    <ele>141.65</ele>
   </trkpt>
   <trkpt lat="54.495560000000005" lon="-5.97679">
    <ele>140.53</ele>
   </trkpt>
   <trkpt lat="54.49537" lon="-5.97677">
    <ele>140.03</ele>
   </trkpt>
   <trkpt lat="54.49497" lon="-5.97651">
    <ele>137.8</ele>
   </trkpt>
   <trkpt lat="54.49452" lon="-5.976430000000001">
    <ele>133.96</ele>
   </trkpt>
   <trkpt lat="54.49438000000001" lon="-5.97646">
    <ele>132.38</ele>
   </trkpt>
   <trkpt lat="54.494110000000006" lon="-5.97658">
    <ele>131.20000000000002</ele>
   </trkpt>
   <trkpt lat="54.493520000000004" lon="-5.97702">
    <ele>129.85000000000002</ele>
   </trkpt>
   <trkpt lat="54.493140000000004" lon="-5.97719">
    <ele>128.81</ele>
   </trkpt>
   <trkpt lat="54.49239000000001" lon="-5.977650000000001">
    <ele>123.60000000000001</ele>
   </trkpt>
   <trkpt lat="54.49222" lon="-5.97787">
    <ele>122.96000000000001</ele>
   </trkpt>
   <trkpt lat="54.49181" lon="-5.9787300000000005">
    <ele>119.03000000000002</ele>
   </trkpt>
   <trkpt lat="54.49175" lon="-5.97881">
    <ele>119.03000000000002</ele>
   </trkpt>
   <trkpt lat="54.49168" lon="-5.97885">
    <ele>118.49000000000001</ele>
   </trkpt>
   <trkpt lat="54.491130000000005" lon="-5.979">
    <ele>117.4</ele>
   </trkpt>
   <trkpt lat="54.490990000000004" lon="-5.979">
    <ele>117.67</ele>
   </trkpt>
   <trkpt lat="54.490680000000005" lon="-5.97895">
    <ele>119.13000000000001</ele>
   </trkpt>
   <trkpt lat="54.49047" lon="-5.97895">
    <ele>119.37</ele>
   </trkpt>
   <trkpt lat="54.490370000000006" lon="-5.97897">
    <ele>119.08</ele>
   </trkpt>
   <trkpt lat="54.490260000000006" lon="-5.97902">
    <ele>118.64</ele>
   </trkpt>
   <trkpt lat="54.49007" lon="-5.9792000000000005">
    <ele>117.07000000000001</ele>
   </trkpt>
   <trkpt lat="54.48951666970184" lon="-5.979803349630341">
    <ele>114.31</ele>
   </trkpt>
   <trkpt lat="54.48896333639968" lon="-5.980406682929405">
    <ele>113.97000000000001</ele>
   </trkpt>
   <trkpt lat="54.48841" lon="-5.98101">
    <ele>114.07000000000001</ele>
   </trkpt>
   <trkpt lat="54.488260000000004" lon="-5.9811000000000005">
    <ele>113.60000000000001</ele>
   </trkpt>
   <trkpt lat="54.487570000000005" lon="-5.981400000000001">
    <ele>111.59</ele>
   </trkpt>
   <trkpt lat="54.48756" lon="-5.981400000000001">
    <ele>111.59</ele>
   </trkpt>
   <trkpt lat="54.48742251926647" lon="-5.980152487432533">
    <ele>106.9</ele>
   </trkpt>
   <trkpt lat="54.48728502568981" lon="-5.978904983254704">
    <ele>105.94</ele>
   </trkpt>
   <trkpt lat="54.48714751927021" lon="-5.977657487467201">
    <ele>106.38</ele>
   </trkpt>
   <trkpt lat="54.487010000000005" lon="-5.9764100000000004">
    <ele>107.26</ele>
   </trkpt>
   <trkpt lat="54.48729" lon="-5.97627">
    <ele>106.81</ele>
   </trkpt>
   <trkpt lat="54.48749" lon="-5.97606">
    <ele>106.61000000000001</ele>
   </trkpt>
   <trkpt lat="54.48763" lon="-5.975820000000001">
    <ele>106.74000000000001</ele>
   </trkpt>
   <trkpt lat="54.487770000000005" lon="-5.9754700000000005">
    <ele>107.36000000000001</ele>
   </trkpt>
   <trkpt lat="54.48801" lon="-5.97416">
    <ele>108.83000000000001</ele>
   </trkpt>
   <trkpt lat="54.48818500539717" lon="-5.973020004652861">
    <ele>107.09</ele>
   </trkpt>
   <trkpt lat="54.48836000000001" lon="-5.9718800000000005">
    <ele>108.41000000000001</ele>
   </trkpt>
   <trkpt lat="54.48841500247873" lon="-5.9711000014978595">
    <ele>108.58000000000001</ele>
   </trkpt>
   <trkpt lat="54.48847000000001" lon="-5.97032">
    <ele>108.12</ele>
   </trkpt>
   <trkpt lat="54.48865667457053" lon="-5.969340009062291">
    <ele>108.85</ele>
   </trkpt>
   <trkpt lat="54.48884334121558" lon="-5.9683600091759335">
    <ele>110.14000000000001</ele>
   </trkpt>
   <trkpt lat="54.48903000000001" lon="-5.96738">
    <ele>110.51</ele>
   </trkpt>
   <trkpt lat="54.489160000000005" lon="-5.96687">
    <ele>110.34</ele>
   </trkpt>
   <trkpt lat="54.489560000000004" lon="-5.96569">
    <ele>112.24000000000001</ele>
   </trkpt>
   <trkpt lat="54.48986000000001" lon="-5.96469">
    <ele>113.0</ele>
   </trkpt>
   <trkpt lat="54.490203348159184" lon="-5.963350022473913">
    <ele>114.84</ele>
   </trkpt>
   <trkpt lat="54.49054668150099" lon="-5.962010022441281">
    <ele>121.75000000000001</ele>
   </trkpt>
   <trkpt lat="54.49089000000001" lon="-5.96067">
    <ele>131.36</ele>
   </trkpt>
   <trkpt lat="54.49127000000001" lon="-5.959490000000001">
    <ele>135.14000000000001</ele>
   </trkpt>
   <trkpt lat="54.491440000000004" lon="-5.95877">
    <ele>135.18</ele>
   </trkpt>
   <trkpt lat="54.49159" lon="-5.95748">
    <ele>132.19</ele>
   </trkpt>
   <trkpt lat="54.49192008468922" lon="-5.9560473883926415">
    <ele>129.91</ele>
   </trkpt>
   <trkpt lat="54.49225015244195" lon="-5.954614753651001">
    <ele>128.84</ele>
   </trkpt>
   <trkpt lat="54.49258020325772" lon="-5.95318209577561">
    <ele>129.97</ele>
   </trkpt>
   <trkpt lat="54.49291023713601" lon="-5.951749414767001">
    <ele>130.46</ele>
   </trkpt>
   <trkpt lat="54.49324025407639" lon="-5.950316710625704">
    <ele>130.89000000000001</ele>
   </trkpt>
   <trkpt lat="54.49357025407834" lon="-5.9488839833522515">
    <ele>129.66</ele>
   </trkpt>
   <trkpt lat="54.4939002371414" lon="-5.947451232947176">
    <ele>127.82000000000001</ele>
   </trkpt>
   <trkpt lat="54.494230203265076" lon="-5.946018459411011">
    <ele>126.54</ele>
   </trkpt>
   <trkpt lat="54.49456015244891" lon="-5.944585662744287">
    <ele>124.86000000000001</ele>
   </trkpt>
   <trkpt lat="54.49489008469241" lon="-5.943152842947537">
    <ele>125.12</ele>
   </trkpt>
   <trkpt lat="54.49522" lon="-5.94172">
    <ele>124.62</ele>
   </trkpt>
   <trkpt lat="54.495450000000005" lon="-5.9408900000000004">
    <ele>124.39000000000001</ele>
   </trkpt>
   <trkpt lat="54.495540000000005" lon="-5.94059">
    <ele>124.63</ele>
   </trkpt>
   <trkpt lat="54.49577000000001" lon="-5.94003">
    <ele>124.41000000000001</ele>
   </trkpt>
   <trkpt lat="54.496105002106454" lon="-5.939310005970543">
    <ele>125.09</ele>
   </trkpt>
   <trkpt lat="54.49644000000001" lon="-5.9385900000000005">
    <ele>125.58</ele>
   </trkpt>
   <trkpt lat="54.49689667362626" lon="-5.937673353764389">
    <ele>126.2</ele>
   </trkpt>
   <trkpt lat="54.497353340319094" lon="-5.936756687045529">
    <ele>125.30000000000003</ele>
   </trkpt>
   <trkpt lat="54.49781" lon="-5.935840000000001">
    <ele>127.39</ele>
   </trkpt>
   <trkpt lat="54.498205002576796" lon="-5.935060007406514">
    <ele>128.23000000000002</ele>
   </trkpt>
   <trkpt lat="54.4986" lon="-5.93428">
    <ele>128.78</ele>
   </trkpt>
   <trkpt lat="54.49909" lon="-5.933350000000001">
    <ele>131.22</ele>
   </trkpt>
   <trkpt lat="54.499340000000004" lon="-5.9328">
    <ele>132.54000000000002</ele>
   </trkpt>
   <trkpt lat="54.49962500212086" lon="-5.932075005177045">
    <ele>134.29000000000002</ele>
   </trkpt>
   <trkpt lat="54.49991000000001" lon="-5.93135">
    <ele>135.59</ele>
   </trkpt>
   <trkpt lat="54.50005" lon="-5.93106">
    <ele>136.06</ele>
   </trkpt>
   <trkpt lat="54.50045500160967" lon="-5.930440006107747">
    <ele>136.55</ele>
   </trkpt>
   <trkpt lat="54.50086" lon="-5.92982">
    <ele>137.1</ele>
   </trkpt>
   <trkpt lat="54.500980000000006" lon="-5.9295100000000005">
    <ele>136.25</ele>
   </trkpt>
   <trkpt lat="54.50121000000001" lon="-5.9287600000000005">
    <ele>133.87</ele>
   </trkpt>
   <trkpt lat="54.50150500515203" lon="-5.927645007961569">
    <ele>132.59</ele>
   </trkpt>
   <trkpt lat="54.5018" lon="-5.9265300000000005">
    <ele>133.31</ele>
   </trkpt>
   <trkpt lat="54.50201000220911" lon="-5.925805003585253">
    <ele>134.56</ele>
   </trkpt>
   <trkpt lat="54.50222" lon="-5.92508">
    <ele>137.01000000000002</ele>
   </trkpt>
   <trkpt lat="54.50264000550968" lon="-5.92392001203703">
    <ele>139.54000000000002</ele>
   </trkpt>
   <trkpt lat="54.503060000000005" lon="-5.92276">
    <ele>140.57</ele>
   </trkpt>
   <trkpt lat="54.5031900030993" lon="-5.921890002923305">
    <ele>141.81</ele>
   </trkpt>
   <trkpt lat="54.50332" lon="-5.92102">
    <ele>142.08</ele>
   </trkpt>
   <trkpt lat="54.503490000000006" lon="-5.920310000000001">
    <ele>141.96</ele>
   </trkpt>
   <trkpt lat="54.50357" lon="-5.919020000000001">
    <ele>138.41</ele>
   </trkpt>
   <trkpt lat="54.503600000000006" lon="-5.918200000000001">
    <ele>137.05</ele>
   </trkpt>
   <trkpt lat="54.50366" lon="-5.91788">
    <ele>137.51000000000002</ele>
   </trkpt>
   <trkpt lat="54.5039" lon="-5.91713">
    <ele>139.51000000000002</ele>
   </trkpt>
   <trkpt lat="54.50437" lon="-5.91603">
    <ele>141.54</ele>
   </trkpt>
   <trkpt lat="54.504965004915334" lon="-5.914935016002023">
    <ele>146.94000000000003</ele>
   </trkpt>
   <trkpt lat="54.50556" lon="-5.91384">
    <ele>148.87</ele>
   </trkpt>
   <trkpt lat="54.506080000000004" lon="-5.912610000000001">
    <ele>148.24</ele>
   </trkpt>
   <trkpt lat="54.506260000000005" lon="-5.9121500000000005">
    <ele>148.59</ele>
   </trkpt>
   <trkpt lat="54.50669000263712" lon="-5.911345008539615">
    <ele>147.96</ele>
   </trkpt>
   <trkpt lat="54.50712000000001" lon="-5.91054">
    <ele>145.87</ele>
   </trkpt>
   <trkpt lat="54.507340000000006" lon="-5.91">
    <ele>144.34000000000003</ele>
   </trkpt>
   <trkpt lat="54.50773667671932" lon="-5.908896688065239">
    <ele>142.77</ele>
   </trkpt>
   <trkpt lat="54.5081333433952" lon="-5.907793354706645">
    <ele>140.96</ele>
   </trkpt>
   <trkpt lat="54.50853000000001" lon="-5.90669">
    <ele>142.58</ele>
   </trkpt>
   <trkpt lat="54.50882500249937" lon="-5.905905005781692">
    <ele>143.68</ele>
   </trkpt>
   <trkpt lat="54.50912" lon="-5.90512">
    <ele>143.21</ele>
   </trkpt>
   <trkpt lat="54.50939" lon="-5.90453">
    <ele>140.37000000000003</ele>
   </trkpt>
   <trkpt lat="54.509800000000006" lon="-5.9037500000000005">
    <ele>135.02</ele>
   </trkpt>
   <trkpt lat="54.50994000000001" lon="-5.90357">
    <ele>133.60000000000002</ele>
   </trkpt>
   <trkpt lat="54.51008" lon="-5.90345">
    <ele>132.8</ele>
   </trkpt>
   <trkpt lat="54.510510000000004" lon="-5.90326">
    <ele>127.5</ele>
   </trkpt>
   <trkpt lat="54.510670000000005" lon="-5.90308">
    <ele>125.97</ele>
   </trkpt>
   <trkpt lat="54.510780000000004" lon="-5.90289">
    <ele>124.78000000000002</ele>
   </trkpt>
   <trkpt lat="54.51088000000001" lon="-5.90265">
    <ele>123.74000000000001</ele>
   </trkpt>
   <trkpt lat="54.511050000000004" lon="-5.90216">
    <ele>123.16</ele>
   </trkpt>
   <trkpt lat="54.511210000000005" lon="-5.9017800000000005">
    <ele>122.15</ele>
   </trkpt>
   <trkpt lat="54.51155000193045" lon="-5.901095005711483">
    <ele>119.9</ele>
   </trkpt>
   <trkpt lat="54.51189" lon="-5.900410000000001">
    <ele>118.35000000000001</ele>
   </trkpt>
   <trkpt lat="54.51233000369199" lon="-5.89947500988861">
    <ele>116.51000000000002</ele>
   </trkpt>
   <trkpt lat="54.51277" lon="-5.898540000000001">
    <ele>114.57000000000001</ele>
   </trkpt>
   <trkpt lat="54.51325000369855" lon="-5.897590011211062">
    <ele>115.25</ele>
   </trkpt>
   <trkpt lat="54.51373" lon="-5.8966400000000005">
    <ele>117.79</ele>
   </trkpt>
   <trkpt lat="54.513850000000005" lon="-5.896170000000001">
    <ele>118.53</ele>
   </trkpt>
   <trkpt lat="54.51390000000001" lon="-5.89583">
    <ele>118.84000000000002</ele>
   </trkpt>
   <trkpt lat="54.513940000000005" lon="-5.8945300000000005">
    <ele>119.06000000000002</ele>
   </trkpt>
   <trkpt lat="54.51393000594068" lon="-5.893329999802014">
    <ele>118.69</ele>
   </trkpt>
   <trkpt lat="54.513920000000006" lon="-5.892130000000001">
    <ele>117.74000000000001</ele>
   </trkpt>
   <trkpt lat="54.513940000000005" lon="-5.89078">
    <ele>117.15</ele>
   </trkpt>
   <trkpt lat="54.51399000000001" lon="-5.89053">
    <ele>116.85000000000001</ele>
   </trkpt>
   <trkpt lat="54.514010000000006" lon="-5.890160000000001">
    <ele>116.83</ele>
   </trkpt>
   <trkpt lat="54.51404" lon="-5.88999">
    <ele>116.86</ele>
   </trkpt>
   <trkpt lat="54.51409" lon="-5.889880000000001">
    <ele>116.86</ele>
   </trkpt>
   <trkpt lat="54.51467" lon="-5.889430000000001">
    <ele>117.02000000000001</ele>
   </trkpt>
   <trkpt lat="54.514570000000006" lon="-5.88895">
    <ele>117.13000000000001</ele>
   </trkpt>
   <trkpt lat="54.51456" lon="-5.8887">
    <ele>117.23000000000002</ele>
   </trkpt>
   <trkpt lat="54.51471000000001" lon="-5.887700000000001">
    <ele>117.42</ele>
   </trkpt>
   <trkpt lat="54.514810000000004" lon="-5.887270000000001">
    <ele>117.03</ele>
   </trkpt>
   <trkpt lat="54.51521500710183" lon="-5.885955013139231">
    <ele>114.79</ele>
   </trkpt>
   <trkpt lat="54.515620000000006" lon="-5.88464">
    <ele>116.44000000000001</ele>
   </trkpt>
   <trkpt lat="54.51563" lon="-5.884650000000001">
    <ele>115.9</ele>
   </trkpt>
   <trkpt lat="54.515950000000004" lon="-5.8834800000000005">
    <ele>115.17</ele>
   </trkpt>
   <trkpt lat="54.51605000000001" lon="-5.88325">
    <ele>115.11</ele>
   </trkpt>
   <trkpt lat="54.5155" lon="-5.88243">
    <ele>116.17</ele>
   </trkpt>
   <trkpt lat="54.515150000000006" lon="-5.88199">
    <ele>116.18</ele>
   </trkpt>
   <trkpt lat="54.51446000000001" lon="-5.88123">
    <ele>117.23000000000002</ele>
   </trkpt>
   <trkpt lat="54.513780000000004" lon="-5.8804300000000005">
    <ele>118.32000000000001</ele>
   </trkpt>
   <trkpt lat="54.51308" lon="-5.87957">
    <ele>121.31000000000002</ele>
   </trkpt>
   <trkpt lat="54.51287000000001" lon="-5.879270000000001">
    <ele>122.13000000000001</ele>
   </trkpt>
   <trkpt lat="54.51259" lon="-5.878920000000001">
    <ele>122.68</ele>
   </trkpt>
   <trkpt lat="54.51216500167137" lon="-5.878279993314099">
    <ele>124.11000000000001</ele>
   </trkpt>
   <trkpt lat="54.51174" lon="-5.87764">
    <ele>124.56</ele>
   </trkpt>
   <trkpt lat="54.51126000000001" lon="-5.87694">
    <ele>124.72000000000001</ele>
   </trkpt>
   <trkpt lat="54.51066000268458" lon="-5.876149988542304">
    <ele>124.47000000000001</ele>
   </trkpt>
   <trkpt lat="54.51006" lon="-5.875360000000001">
    <ele>124.44000000000001</ele>
   </trkpt>
   <trkpt lat="54.509505002105" lon="-5.874649990387394">
    <ele>124.72000000000001</ele>
   </trkpt>
   <trkpt lat="54.508950000000006" lon="-5.87394">
    <ele>124.11000000000001</ele>
   </trkpt>
   <trkpt lat="54.50876" lon="-5.87368">
    <ele>123.67000000000002</ele>
   </trkpt>
   <trkpt lat="54.508100009028304" lon="-5.8728249585406695">
    <ele>122.78000000000002</ele>
   </trkpt>
   <trkpt lat="54.507440012024965" lon="-5.871969944705518">
    <ele>122.38000000000001</ele>
   </trkpt>
   <trkpt lat="54.50678000899031" lon="-5.871114958493233">
    <ele>121.59</ele>
   </trkpt>
   <trkpt lat="54.50612" lon="-5.870260000000001">
    <ele>121.46000000000001</ele>
   </trkpt>
   <trkpt lat="54.50558" lon="-5.8695900000000005">
    <ele>121.31000000000002</ele>
   </trkpt>
   <trkpt lat="54.505300000000005" lon="-5.8692">
    <ele>120.65</ele>
   </trkpt>
   <trkpt lat="54.50473000216333" lon="-5.868474989880139">
    <ele>120.47</ele>
   </trkpt>
   <trkpt lat="54.504160000000006" lon="-5.867750000000001">
    <ele>120.29</ele>
   </trkpt>
   <trkpt lat="54.503680001283776" lon="-5.867204993664472">
    <ele>119.73</ele>
   </trkpt>
   <trkpt lat="54.50320000000001" lon="-5.86666">
    <ele>118.76</ele>
   </trkpt>
   <trkpt lat="54.502680000000005" lon="-5.866160000000001">
    <ele>117.4</ele>
   </trkpt>
   <trkpt lat="54.50217000000001" lon="-5.86568">
    <ele>116.28</ele>
   </trkpt>
   <trkpt lat="54.50143500241745" lon="-5.864914986244397">
    <ele>116.43</ele>
   </trkpt>
   <trkpt lat="54.5007" lon="-5.86415">
    <ele>118.28</ele>
   </trkpt>
   <trkpt lat="54.50025" lon="-5.86359">
    <ele>120.74000000000001</ele>
   </trkpt>
   <trkpt lat="54.49972" lon="-5.86279">
    <ele>120.74000000000001</ele>
   </trkpt>
   <trkpt lat="54.49929000209814" lon="-5.862049991937129">
    <ele>120.39000000000001</ele>
   </trkpt>
   <trkpt lat="54.49886000000001" lon="-5.8613100000000005">
    <ele>119.70000000000002</ele>
   </trkpt>
   <trkpt lat="54.498310000000004" lon="-5.86026">
    <ele>119.34000000000002</ele>
   </trkpt>
   <trkpt lat="54.497780000000006" lon="-5.85916">
    <ele>118.82000000000001</ele>
   </trkpt>
   <trkpt lat="54.49754000000001" lon="-5.85881">
    <ele>119.14</ele>
   </trkpt>
   <trkpt lat="54.497220000000006" lon="-5.85845">
    <ele>119.98</ele>
   </trkpt>
   <trkpt lat="54.49676" lon="-5.85805">
    <ele>120.52000000000001</ele>
   </trkpt>
   <trkpt lat="54.49629500037969" lon="-5.85771499612889">
    <ele>125.63000000000002</ele>
   </trkpt>
   <trkpt lat="54.495830000000005" lon="-5.857380000000001">
    <ele>126.97</ele>
   </trkpt>
   <trkpt lat="54.49504666903859" lon="-5.856836645797868">
    <ele>130.93</ele>
   </trkpt>
   <trkpt lat="54.494263335641115" lon="-5.856293312420522">
    <ele>130.4</ele>
   </trkpt>
   <trkpt lat="54.493480000000005" lon="-5.8557500000000005">
    <ele>128.65</ele>
   </trkpt>
   <trkpt lat="54.4932" lon="-5.85559">
    <ele>128.44</ele>
   </trkpt>
   <trkpt lat="54.492540000000005" lon="-5.85529">
    <ele>126.73</ele>
   </trkpt>
   <trkpt lat="54.49239000000001" lon="-5.85524">
    <ele>126.39</ele>
   </trkpt>
   <trkpt lat="54.49210000000001" lon="-5.855180000000001">
    <ele>125.93</ele>
   </trkpt>
   <trkpt lat="54.49162999976614" lon="-5.855129999399189">
    <ele>125.57000000000001</ele>
   </trkpt>
   <trkpt lat="54.49116000000001" lon="-5.85508">
    <ele>125.05000000000003</ele>
   </trkpt>
   <trkpt lat="54.49087" lon="-5.855">
    <ele>124.64000000000001</ele>
   </trkpt>
   <trkpt lat="54.49029" lon="-5.8546700000000005">
    <ele>123.05</ele>
   </trkpt>
   <trkpt lat="54.49011" lon="-5.854520000000001">
    <ele>123.05</ele>
   </trkpt>
   <trkpt lat="54.48949250280272" lon="-5.854047478620821">
    <ele>122.24000000000001</ele>
   </trkpt>
   <trkpt lat="54.488875003762935" lon="-5.853574971514843">
    <ele>121.96000000000001</ele>
   </trkpt>
   <trkpt lat="54.488257502880806" lon="-5.853102478681355">
    <ele>122.35000000000001</ele>
   </trkpt>
   <trkpt lat="54.487640000000006" lon="-5.85263">
    <ele>122.88000000000001</ele>
   </trkpt>
   <trkpt lat="54.487140000000004" lon="-5.85214">
    <ele>122.88000000000001</ele>
   </trkpt>
   <trkpt lat="54.486900000000006" lon="-5.85177">
    <ele>122.35000000000001</ele>
   </trkpt>
   <trkpt lat="54.48629667584207" lon="-5.850716635615524">
    <ele>119.10000000000001</ele>
   </trkpt>
   <trkpt lat="54.485693342527554" lon="-5.849663302315694">
    <ele>116.37000000000002</ele>
   </trkpt>
   <trkpt lat="54.48509000000001" lon="-5.848610000000001">
    <ele>113.2</ele>
   </trkpt>
   <trkpt lat="54.4851" lon="-5.848610000000001">
    <ele>113.2</ele>
   </trkpt>
   <trkpt lat="54.48476500133064" lon="-5.848044995393932">
    <ele>110.48</ele>
   </trkpt>
   <trkpt lat="54.48443" lon="-5.847480000000001">
    <ele>109.25000000000001</ele>
   </trkpt>
   <trkpt lat="54.48398" lon="-5.84668">
    <ele>107.00000000000001</ele>
   </trkpt>
   <trkpt lat="54.48342" lon="-5.845610000000001">
    <ele>105.14000000000001</ele>
   </trkpt>
   <trkpt lat="54.48289753050021" lon="-5.8445824081108215">
    <ele>103.91</ele>
   </trkpt>
   <trkpt lat="54.48237505228605" lon="-5.843554842478629">
    <ele>102.74000000000001</ele>
   </trkpt>
   <trkpt lat="54.48185256535787" lon="-5.842527303102681">
    <ele>101.82000000000001</ele>
   </trkpt>
   <trkpt lat="54.48133006971609" lon="-5.84149978998224">
    <ele>100.15</ele>
   </trkpt>
   <trkpt lat="54.4808075653611" lon="-5.8404723031165675">
    <ele>97.02000000000001</ele>
   </trkpt>
   <trkpt lat="54.48028505229328" lon="-5.839444842504922">
    <ele>94.33000000000001</ele>
   </trkpt>
   <trkpt lat="54.47976253051303" lon="-5.838417408146566">
    <ele>89.65</ele>
   </trkpt>
   <trkpt lat="54.479240000000004" lon="-5.83739">
    <ele>87.44</ele>
   </trkpt>
   <trkpt lat="54.47867" lon="-5.83635">
    <ele>85.49000000000001</ele>
   </trkpt>
   <trkpt lat="54.47838" lon="-5.835890000000001">
    <ele>83.96000000000001</ele>
   </trkpt>
   <trkpt lat="54.477850000000004" lon="-5.8351500000000005">
    <ele>81.76</ele>
   </trkpt>
   <trkpt lat="54.47728000000001" lon="-5.83452">
    <ele>78.5</ele>
   </trkpt>
   <trkpt lat="54.47701000000001" lon="-5.8342600000000004">
    <ele>77.45</ele>
   </trkpt>
   <trkpt lat="54.476433335533756" lon="-5.833743318762926">
    <ele>76.28</ele>
   </trkpt>
   <trkpt lat="54.475856668864196" lon="-5.833226652093926">
    <ele>76.1</ele>
   </trkpt>
   <trkpt lat="54.475280000000005" lon="-5.8327100000000005">
    <ele>75.81</ele>
   </trkpt>
   <trkpt lat="54.47487500072673" lon="-5.8323249962976105">
    <ele>75.14000000000001</ele>
   </trkpt>
   <trkpt lat="54.474470000000004" lon="-5.83194">
    <ele>74.13</ele>
   </trkpt>
   <trkpt lat="54.473800003794075" lon="-5.831259977702958">
    <ele>73.50000000000001</ele>
   </trkpt>
   <trkpt lat="54.47313000377147" lon="-5.830579977680469">
    <ele>74.8</ele>
   </trkpt>
   <trkpt lat="54.472460000000005" lon="-5.8299">
    <ele>78.01</ele>
   </trkpt>
   <trkpt lat="54.47225" lon="-5.82967">
    <ele>79.81</ele>
   </trkpt>
   <trkpt lat="54.471920000000004" lon="-5.82922">
    <ele>80.63000000000001</ele>
   </trkpt>
   <trkpt lat="54.471465002951874" lon="-5.828379990731528">
    <ele>83.09</ele>
   </trkpt>
   <trkpt lat="54.47101000000001" lon="-5.827540000000001">
    <ele>84.07000000000001</ele>
   </trkpt>
   <trkpt lat="54.47057" lon="-5.8268">
    <ele>85.05</ele>
   </trkpt>
   <trkpt lat="54.47026" lon="-5.82643">
    <ele>85.5</ele>
   </trkpt>
   <trkpt lat="54.4701" lon="-5.82631">
    <ele>85.5</ele>
   </trkpt>
   <trkpt lat="54.469930000000005" lon="-5.82622">
    <ele>85.63000000000001</ele>
   </trkpt>
   <trkpt lat="54.469620000000006" lon="-5.8261">
    <ele>85.61</ele>
   </trkpt>
   <trkpt lat="54.469260000000006" lon="-5.82603">
    <ele>85.44</ele>
   </trkpt>
   <trkpt lat="54.468810000000005" lon="-5.82603">
    <ele>84.7</ele>
   </trkpt>
   <trkpt lat="54.46846000000001" lon="-5.8261400000000005">
    <ele>84.16000000000001</ele>
   </trkpt>
   <trkpt lat="54.46792000000001" lon="-5.82641">
    <ele>83.11</ele>
   </trkpt>
   <trkpt lat="54.46743000000001" lon="-5.826670000000001">
    <ele>82.09</ele>
   </trkpt>
   <trkpt lat="54.46754000000001" lon="-5.826280000000001">
    <ele>81.31</ele>
   </trkpt>
   <trkpt lat="54.46786" lon="-5.82556">
    <ele>79.13000000000001</ele>
   </trkpt>
   <trkpt lat="54.46824" lon="-5.82462">
    <ele>76.51</ele>
   </trkpt>
   <trkpt lat="54.46839000000001" lon="-5.8243100000000005">
    <ele>76.51</ele>
   </trkpt>
   <trkpt lat="54.46867" lon="-5.82387">
    <ele>74.33000000000001</ele>
   </trkpt>
   <trkpt lat="54.46882000000001" lon="-5.82371">
    <ele>73.54</ele>
   </trkpt>
   <trkpt lat="54.46895000000001" lon="-5.8236300000000005">
    <ele>73.2</ele>
   </trkpt>
   <trkpt lat="54.46894" lon="-5.82364">
    <ele>73.24</ele>
   </trkpt>
   <trkpt lat="54.469120000000004" lon="-5.823530000000001">
    <ele>72.52</ele>
   </trkpt>
   <trkpt lat="54.46960000000001" lon="-5.8232800000000005">
    <ele>71.36</ele>
   </trkpt>
   <trkpt lat="54.470305000581355" lon="-5.822890006745929">
    <ele>70.88000000000001</ele>
   </trkpt>
   <trkpt lat="54.47101000000001" lon="-5.822500000000001">
    <ele>70.19</ele>
   </trkpt>
   <trkpt lat="54.471500000000006" lon="-5.8222700000000005">
    <ele>68.78</ele>
   </trkpt>
   <trkpt lat="54.47207" lon="-5.82209">
    <ele>66.84</ele>
   </trkpt>
   <trkpt lat="54.47254" lon="-5.8218700000000005">
    <ele>64.49000000000001</ele>
   </trkpt>
   <trkpt lat="54.47298000000001" lon="-5.82155">
    <ele>63.160000000000004</ele>
   </trkpt>
   <trkpt lat="54.47343000067405" lon="-5.821165004181696">
    <ele>62.26</ele>
   </trkpt>
   <trkpt lat="54.47388" lon="-5.82078">
    <ele>61.88</ele>
   </trkpt>
   <trkpt lat="54.47453000275198" lon="-5.820200018453957">
    <ele>62.02</ele>
   </trkpt>
   <trkpt lat="54.4751800027275" lon="-5.819620018476171">
    <ele>64.94000000000001</ele>
   </trkpt>
   <trkpt lat="54.47583" lon="-5.81904">
    <ele>68.03</ele>
   </trkpt>
   <trkpt lat="54.4761" lon="-5.81885">
    <ele>68.36</ele>
   </trkpt>
   <trkpt lat="54.476550000271914" lon="-5.818600002742568">
    <ele>67.38000000000001</ele>
   </trkpt>
   <trkpt lat="54.477000000000004" lon="-5.818350000000001">
    <ele>67.07000000000001</ele>
   </trkpt>
   <trkpt lat="54.477525000557335" lon="-5.818025004096309">
    <ele>67.2</ele>
   </trkpt>
   <trkpt lat="54.47805" lon="-5.8177">
    <ele>68.10000000000001</ele>
   </trkpt>
   <trkpt lat="54.47869000000001" lon="-5.81737">
    <ele>69.07000000000001</ele>
   </trkpt>
   <trkpt lat="54.47932" lon="-5.81709">
    <ele>69.33</ele>
   </trkpt>
   <trkpt lat="54.48000000020558" lon="-5.8168550039149105">
    <ele>69.21000000000001</ele>
   </trkpt>
   <trkpt lat="54.48068000000001" lon="-5.81662">
    <ele>68.4</ele>
   </trkpt>
   <trkpt lat="54.48116" lon="-5.81641">
    <ele>68.4</ele>
   </trkpt>
   <trkpt lat="54.48165" lon="-5.81618">
    <ele>67.8</ele>
   </trkpt>
   <trkpt lat="54.482085000161156" lon="-5.815925002775213">
    <ele>67.33</ele>
   </trkpt>
   <trkpt lat="54.48252" lon="-5.815670000000001">
    <ele>67.02000000000001</ele>
   </trkpt>
   <trkpt lat="54.48301000049193" lon="-5.815310004345051">
    <ele>66.92</ele>
   </trkpt>
   <trkpt lat="54.48350000000001" lon="-5.8149500000000005">
    <ele>66.51</ele>
   </trkpt>
   <trkpt lat="54.484010000000005" lon="-5.81453">
    <ele>66.27000000000001</ele>
   </trkpt>
   <trkpt lat="54.484763337640565" lon="-5.813803360156433">
    <ele>65.01</ele>
   </trkpt>
   <trkpt lat="54.485516670923474" lon="-5.813076693539022">
    <ele>65.10000000000001</ele>
   </trkpt>
   <trkpt lat="54.486270000000005" lon="-5.81235">
    <ele>66.03</ele>
   </trkpt>
   <trkpt lat="54.48659000000001" lon="-5.81207">
    <ele>66.25</ele>
   </trkpt>
   <trkpt lat="54.487120000000004" lon="-5.8116900000000005">
    <ele>67.04</ele>
   </trkpt>
   <trkpt lat="54.48758" lon="-5.8114300000000005">
    <ele>68.58</ele>
   </trkpt>
   <trkpt lat="54.488200000000006" lon="-5.81111">
    <ele>69.15</ele>
   </trkpt>
   <trkpt lat="54.48863000000001" lon="-5.810840000000001">
    <ele>67.98</ele>
   </trkpt>
   <trkpt lat="54.489090000000004" lon="-5.81057">
    <ele>66.60000000000001</ele>
   </trkpt>
   <trkpt lat="54.48931" lon="-5.81038">
    <ele>66.17</ele>
   </trkpt>
   <trkpt lat="54.4894" lon="-5.81026">
    <ele>65.88000000000001</ele>
   </trkpt>
   <trkpt lat="54.48962" lon="-5.80982">
    <ele>65.25999999999999</ele>
   </trkpt>
   <trkpt lat="54.49012667698019" lon="-5.808703360958938">
    <ele>65.13000000000001</ele>
   </trkpt>
   <trkpt lat="54.49063334367063" lon="-5.807586694240429">
    <ele>64.53</ele>
   </trkpt>
   <trkpt lat="54.49114" lon="-5.806470000000001">
    <ele>64.06</ele>
   </trkpt>
   <trkpt lat="54.491665005273994" lon="-5.805340014499736">
    <ele>64.67</ele>
   </trkpt>
   <trkpt lat="54.49219000000001" lon="-5.80421">
    <ele>66.71000000000001</ele>
   </trkpt>
   <trkpt lat="54.492470000000004" lon="-5.80372">
    <ele>66.92</ele>
   </trkpt>
   <trkpt lat="54.49286000000001" lon="-5.80318">
    <ele>66.42</ele>
   </trkpt>
   <trkpt lat="54.49358" lon="-5.80233">
    <ele>64.43</ele>
   </trkpt>
   <trkpt lat="54.49374" lon="-5.80217">
    <ele>64.02000000000001</ele>
   </trkpt>
   <trkpt lat="54.494205000314196" lon="-5.801870003449508">
    <ele>62.79</ele>
   </trkpt>
   <trkpt lat="54.494670000000006" lon="-5.801570000000001">
    <ele>61.86000000000001</ele>
   </trkpt>
   <trkpt lat="54.494980000000005" lon="-5.8013900000000005">
    <ele>60.14000000000001</ele>
   </trkpt>
   <trkpt lat="54.49519" lon="-5.801310000000001">
    <ele>59.550000000000004</ele>
   </trkpt>
   <trkpt lat="54.49569" lon="-5.80114">
    <ele>57.71</ele>
   </trkpt>
   <trkpt lat="54.496" lon="-5.80097">
    <ele>57.25</ele>
   </trkpt>
   <trkpt lat="54.49631" lon="-5.800680000000001">
    <ele>56.75</ele>
   </trkpt>
   <trkpt lat="54.49692500213094" lon="-5.799955010953107">
    <ele>57.260000000000005</ele>
   </trkpt>
   <trkpt lat="54.49754000000001" lon="-5.7992300000000006">
    <ele>57.730000000000004</ele>
   </trkpt>
   <trkpt lat="54.497970000949536" lon="-5.798770004757658">
    <ele>57.940000000000005</ele>
   </trkpt>
   <trkpt lat="54.498400000000004" lon="-5.798310000000001">
    <ele>58.31000000000001</ele>
   </trkpt>
   <trkpt lat="54.49888500097689" lon="-5.797810005989612">
    <ele>58.480000000000004</ele>
   </trkpt>
   <trkpt lat="54.499370000000006" lon="-5.79731">
    <ele>58.60000000000001</ele>
   </trkpt>
   <trkpt lat="54.49992" lon="-5.79666">
    <ele>58.89</ele>
   </trkpt>
   <trkpt lat="54.500170000000004" lon="-5.79633">
    <ele>59.04</ele>
   </trkpt>
   <trkpt lat="54.500350000000005" lon="-5.796060000000001">
    <ele>59.050000000000004</ele>
   </trkpt>
   <trkpt lat="54.500620000000005" lon="-5.79553">
    <ele>58.910000000000004</ele>
   </trkpt>
   <trkpt lat="54.50077" lon="-5.79518">
    <ele>58.910000000000004</ele>
   </trkpt>
   <trkpt lat="54.500980000000006" lon="-5.79462">
    <ele>58.60000000000001</ele>
   </trkpt>
   <trkpt lat="54.50126000344904" lon="-5.793710006128694">
    <ele>57.85</ele>
   </trkpt>
   <trkpt lat="54.501540000000006" lon="-5.792800000000001">
    <ele>57.49</ele>
   </trkpt>
   <trkpt lat="54.50168000000001" lon="-5.79239">
    <ele>57.370000000000005</ele>
   </trkpt>
   <trkpt lat="54.50182" lon="-5.792190000000001">
    <ele>57.42</ele>
   </trkpt>
   <trkpt lat="54.50193" lon="-5.79208">
    <ele>57.42</ele>
   </trkpt>
   <trkpt lat="54.50202" lon="-5.79208">
    <ele>57.38000000000001</ele>
   </trkpt>
   <trkpt lat="54.50209" lon="-5.791980000000001">
    <ele>57.31</ele>
   </trkpt>
   <trkpt lat="54.50211" lon="-5.79182">
    <ele>57.31</ele>
   </trkpt>
   <trkpt lat="54.502100000000006" lon="-5.791740000000001">
    <ele>57.03</ele>
   </trkpt>
   <trkpt lat="54.502100000000006" lon="-5.79138">
    <ele>56.86000000000001</ele>
   </trkpt>
   <trkpt lat="54.502403341103275" lon="-5.790410014379033">
    <ele>56.45</ele>
   </trkpt>
   <trkpt lat="54.50270667444333" lon="-5.789440014357745">
    <ele>58.39</ele>
   </trkpt>
   <trkpt lat="54.50301" lon="-5.78847">
    <ele>60.39000000000001</ele>
   </trkpt>
   <trkpt lat="54.503170000000004" lon="-5.78807">
    <ele>61.1</ele>
   </trkpt>
   <trkpt lat="54.503420000000006" lon="-5.78755">
    <ele>61.410000000000004</ele>
   </trkpt>
   <trkpt lat="54.50377" lon="-5.787000000000001">
    <ele>61.22</ele>
   </trkpt>
   <trkpt lat="54.504160000895205" lon="-5.7865100047964235">
    <ele>60.88</ele>
   </trkpt>
   <trkpt lat="54.50455" lon="-5.786020000000001">
    <ele>60.85000000000001</ele>
   </trkpt>
   <trkpt lat="54.504740000000005" lon="-5.78584">
    <ele>60.79</ele>
   </trkpt>
   <trkpt lat="54.50482" lon="-5.785780000000001">
    <ele>60.79</ele>
   </trkpt>
   <trkpt lat="54.50493" lon="-5.7857400000000005">
    <ele>60.59</ele>
   </trkpt>
   <trkpt lat="54.505590000000005" lon="-5.78568">
    <ele>60.56</ele>
   </trkpt>
   <trkpt lat="54.506460000000004" lon="-5.785570000000001">
    <ele>61.120000000000005</ele>
   </trkpt>
   <trkpt lat="54.506780000000006" lon="-5.78547">
    <ele>61.71000000000001</ele>
   </trkpt>
   <trkpt lat="54.507600001053866" lon="-5.785110014457134">
    <ele>61.67</ele>
   </trkpt>
   <trkpt lat="54.508420001038495" lon="-5.784750014464223">
    <ele>61.970000000000006</ele>
   </trkpt>
   <trkpt lat="54.509240000000005" lon="-5.78439">
    <ele>63.71</ele>
   </trkpt>
   <trkpt lat="54.509460000000004" lon="-5.78434">
    <ele>63.53</ele>
   </trkpt>
   <trkpt lat="54.51030000000001" lon="-5.78425">
    <ele>62.050000000000004</ele>
   </trkpt>
   <trkpt lat="54.51053" lon="-5.7842">
    <ele>61.970000000000006</ele>
   </trkpt>
   <trkpt lat="54.51089" lon="-5.78406">
    <ele>61.25000000000001</ele>
   </trkpt>
   <trkpt lat="54.511660000000006" lon="-5.78357">
    <ele>61.160000000000004</ele>
   </trkpt>
   <trkpt lat="54.51200000000001" lon="-5.7834900000000005">
    <ele>61.18000000000001</ele>
   </trkpt>
   <trkpt lat="54.512220000000006" lon="-5.7835">
    <ele>60.980000000000004</ele>
   </trkpt>
   <trkpt lat="54.513068890231686" lon="-5.783702188600526">
    <ele>59.7</ele>
   </trkpt>
   <trkpt lat="54.51391778012609" lon="-5.783904385604664">
    <ele>59.18</ele>
   </trkpt>
   <trkpt lat="54.514766669683205" lon="-5.784106591013026">
    <ele>58.78</ele>
   </trkpt>
   <trkpt lat="54.51561555890298" lon="-5.78430880482622">
    <ele>59.660000000000004</ele>
   </trkpt>
   <trkpt lat="54.516464447785424" lon="-5.7845110270448545">
    <ele>60.56</ele>
   </trkpt>
   <trkpt lat="54.5173133363305" lon="-5.78471325766954">
    <ele>60.230000000000004</ele>
   </trkpt>
   <trkpt lat="54.51816222453818" lon="-5.7849154967008865">
    <ele>59.39</ele>
   </trkpt>
   <trkpt lat="54.51901111240843" lon="-5.785117744139503">
    <ele>60.14000000000001</ele>
   </trkpt>
   <trkpt lat="54.51986" lon="-5.7853200000000005">
    <ele>60.2</ele>
   </trkpt>
   <trkpt lat="54.520300000000006" lon="-5.7853900000000005">
    <ele>60.09</ele>
   </trkpt>
   <trkpt lat="54.52049" lon="-5.78537">
    <ele>59.980000000000004</ele>
   </trkpt>
   <trkpt lat="54.520970000000005" lon="-5.78521">
    <ele>59.95</ele>
   </trkpt>
   <trkpt lat="54.52127" lon="-5.78507">
    <ele>60.13</ele>
   </trkpt>
   <trkpt lat="54.52158000000001" lon="-5.7849">
    <ele>60.28000000000001</ele>
   </trkpt>
   <trkpt lat="54.52197" lon="-5.784590000000001">
    <ele>59.71000000000001</ele>
   </trkpt>
   <trkpt lat="54.52269500186771" lon="-5.783915011995087">
    <ele>57.480000000000004</ele>
   </trkpt>
   <trkpt lat="54.52342" lon="-5.78324">
    <ele>53.82000000000001</ele>
   </trkpt>
   <trkpt lat="54.52409500163276" lon="-5.782640009787084">
    <ele>53.290000000000006</ele>
   </trkpt>
   <trkpt lat="54.524770000000004" lon="-5.78204">
    <ele>53.56</ele>
   </trkpt>
   <trkpt lat="54.525040000000004" lon="-5.781750000000001">
    <ele>53.76</ele>
   </trkpt>
   <trkpt lat="54.52577000845787" lon="-5.781110057203659">
    <ele>53.69</ele>
   </trkpt>
   <trkpt lat="54.526500013537586" lon="-5.780470091523503">
    <ele>50.64</ele>
   </trkpt>
   <trkpt lat="54.52723001523892" lon="-5.779830102958204">
    <ele>51.49</ele>
   </trkpt>
   <trkpt lat="54.52796001356165" lon="-5.779190091506433">
    <ele>51.36</ele>
   </trkpt>
   <trkpt lat="54.528690008505606" lon="-5.778550057166861">
    <ele>52.11</ele>
   </trkpt>
   <trkpt lat="54.52942" lon="-5.77791">
    <ele>54.19</ele>
   </trkpt>
   <trkpt lat="54.53007200586353" lon="-5.777314038072261">
    <ele>53.34</ele>
   </trkpt>
   <trkpt lat="54.53072400879743" lon="-5.776718057107563">
    <ele>53.040000000000006</ele>
   </trkpt>
   <trkpt lat="54.531376008801544" lon="-5.776122057104925">
    <ele>54.730000000000004</ele>
   </trkpt>
   <trkpt lat="54.53202800587572" lon="-5.775526038063367">
    <ele>55.71</ele>
   </trkpt>
   <trkpt lat="54.532680000000006" lon="-5.77493">
    <ele>53.44</ele>
   </trkpt>
   <trkpt lat="54.53344333706919" lon="-5.774260025029797">
    <ele>49.45</ele>
   </trkpt>
   <trkpt lat="54.53420667043607" lon="-5.77359002500094">
    <ele>48.61000000000001</ele>
   </trkpt>
   <trkpt lat="54.53497" lon="-5.77292">
    <ele>50.24000000000001</ele>
   </trkpt>
   <trkpt lat="54.53557000000001" lon="-5.77245">
    <ele>49.56</ele>
   </trkpt>
   <trkpt lat="54.5361833350067" lon="-5.771996680307592">
    <ele>46.63</ele>
   </trkpt>
   <trkpt lat="54.53679666831845" lon="-5.771543346990455">
    <ele>43.160000000000004</ele>
   </trkpt>
   <trkpt lat="54.53741" lon="-5.77109">
    <ele>42.050000000000004</ele>
   </trkpt>
   <trkpt lat="54.53824" lon="-5.77055">
    <ele>41.56</ele>
   </trkpt>
   <trkpt lat="54.5387100002339" lon="-5.770300002891859">
    <ele>41.620000000000005</ele>
   </trkpt>
   <trkpt lat="54.53918" lon="-5.77005">
    <ele>41.56</ele>
   </trkpt>
   <trkpt lat="54.54003" lon="-5.76963">
    <ele>41.17</ele>
   </trkpt>
   <trkpt lat="54.54068" lon="-5.76923">
    <ele>40.540000000000006</ele>
   </trkpt>
   <trkpt lat="54.54115" lon="-5.76874">
    <ele>39.18000000000001</ele>
   </trkpt>
   <trkpt lat="54.5414" lon="-5.76841">
    <ele>38.540000000000006</ele>
   </trkpt>
   <trkpt lat="54.5418" lon="-5.7678400000000005">
    <ele>37.02</ele>
   </trkpt>
   <trkpt lat="54.542010000000005" lon="-5.76742">
    <ele>36.39000000000001</ele>
   </trkpt>
   <trkpt lat="54.542190000000005" lon="-5.767">
    <ele>34.86</ele>
   </trkpt>
   <trkpt lat="54.54249667376605" lon="-5.7660700140801335">
    <ele>33.74</ele>
   </trkpt>
   <trkpt lat="54.54280334039941" lon="-5.765140014181397">
    <ele>32.24</ele>
   </trkpt>
   <trkpt lat="54.543110000000006" lon="-5.76421">
    <ele>31.720000000000006</ele>
   </trkpt>
   <trkpt lat="54.54359" lon="-5.76299">
    <ele>31.55</ele>
   </trkpt>
   <trkpt lat="54.54410251532299" lon="-5.761877541892789">
    <ele>31.59</ele>
   </trkpt>
   <trkpt lat="54.54461502043977" lon="-5.760765055838374">
    <ele>31.040000000000003</ele>
   </trkpt>
   <trkpt lat="54.5451275153499" lon="-5.759652541836086">
    <ele>30.17</ele>
   </trkpt>
   <trkpt lat="54.545640000000006" lon="-5.758540000000001">
    <ele>29.14</ele>
   </trkpt>
   <trkpt lat="54.54607000000001" lon="-5.757650000000001">
    <ele>27.94</ele>
   </trkpt>
   <trkpt lat="54.54661500559062" lon="-5.756485015574492">
    <ele>26.340000000000003</ele>
   </trkpt>
   <trkpt lat="54.547160000000005" lon="-5.75532">
    <ele>23.23</ele>
   </trkpt>
   <trkpt lat="54.54724" lon="-5.7554300000000005">
    <ele>23.17</ele>
   </trkpt>
   <trkpt lat="54.547320000000006" lon="-5.75546">
    <ele>23.17</ele>
   </trkpt>
   <trkpt lat="54.5474" lon="-5.75544">
    <ele>22.81</ele>
   </trkpt>
   <trkpt lat="54.54809666716942" lon="-5.755193341757541">
    <ele>22.520000000000003</ele>
   </trkpt>
   <trkpt lat="54.54879333383711" lon="-5.754946675090682">
    <ele>22.320000000000004</ele>
   </trkpt>
   <trkpt lat="54.549490000000006" lon="-5.754700000000001">
    <ele>20.91</ele>
   </trkpt>
   <trkpt lat="54.54994000000001" lon="-5.75457">
    <ele>19.630000000000003</ele>
   </trkpt>
   <trkpt lat="54.550290000000004" lon="-5.754530000000001">
    <ele>18.72</ele>
   </trkpt>
   <trkpt lat="54.550580000000004" lon="-5.75457">
    <ele>18.05</ele>
   </trkpt>
   <trkpt lat="54.55118" lon="-5.7547500000000005">
    <ele>15.680000000000003</ele>
   </trkpt>
   <trkpt lat="54.55154" lon="-5.754950000000001">
    <ele>13.770000000000001</ele>
   </trkpt>
   <trkpt lat="54.55162000000001" lon="-5.75501">
    <ele>14.08</ele>
   </trkpt>
   <trkpt lat="54.551730000000006" lon="-5.755210000000001">
    <ele>14.48</ele>
   </trkpt>
   <trkpt lat="54.55185" lon="-5.7552900000000005">
    <ele>15.3</ele>
   </trkpt>
   <trkpt lat="54.55234" lon="-5.7559000000000005">
    <ele>17.490000000000002</ele>
   </trkpt>
   <trkpt lat="54.55252" lon="-5.756010000000001">
    <ele>17.86</ele>
   </trkpt>
   <trkpt lat="54.55333" lon="-5.75635">
    <ele>18.39</ele>
   </trkpt>
   <trkpt lat="54.55337" lon="-5.7563200000000005">
    <ele>18.39</ele>
   </trkpt>
   <trkpt lat="54.553430000000006" lon="-5.75621">
    <ele>18.740000000000002</ele>
   </trkpt>
   <trkpt lat="54.553490000000004" lon="-5.7559700000000005">
    <ele>18.740000000000002</ele>
   </trkpt>
   <trkpt lat="54.5542900013323" lon="-5.756534988929406">
    <ele>18.2</ele>
   </trkpt>
   <trkpt lat="54.55509000000001" lon="-5.7571">
    <ele>18.060000000000002</ele>
   </trkpt>
   <trkpt lat="54.55581200375975" lon="-5.757577966146557">
    <ele>17.560000000000002</ele>
   </trkpt>
   <trkpt lat="54.556534005635676" lon="-5.75805594921615">
    <ele>16.700000000000003</ele>
   </trkpt>
   <trkpt lat="54.55725600562771" lon="-5.758533949209782">
    <ele>15.75</ele>
   </trkpt>
   <trkpt lat="54.55797800373568" lon="-5.759011966128462">
    <ele>14.76</ele>
   </trkpt>
   <trkpt lat="54.5587" lon="-5.75949">
    <ele>14.14</ele>
   </trkpt>
   <trkpt lat="54.55906" lon="-5.75999">
    <ele>13.930000000000001</ele>
   </trkpt>
   <trkpt lat="54.559450000000005" lon="-5.760630000000001">
    <ele>14.190000000000001</ele>
   </trkpt>
   <trkpt lat="54.55984" lon="-5.7613">
    <ele>13.750000000000002</ele>
   </trkpt>
   <trkpt lat="54.5604" lon="-5.76196">
    <ele>13.920000000000002</ele>
   </trkpt>
   <trkpt lat="54.56084500151071" lon="-5.76255499357522">
    <ele>12.97</ele>
   </trkpt>
   <trkpt lat="54.56129000000001" lon="-5.76315">
    <ele>14.260000000000002</ele>
   </trkpt>
   <trkpt lat="54.56161" lon="-5.76346">
    <ele>16.470000000000002</ele>
   </trkpt>
   <trkpt lat="54.56206" lon="-5.76391">
    <ele>17.330000000000002</ele>
   </trkpt>
   <trkpt lat="54.562380000000005" lon="-5.76428">
    <ele>17.42</ele>
   </trkpt>
   <trkpt lat="54.563" lon="-5.7650500000000005">
    <ele>16.6</ele>
   </trkpt>
   <trkpt lat="54.56364000000001" lon="-5.765770000000001">
    <ele>16.540000000000003</ele>
   </trkpt>
   <trkpt lat="54.56413000118484" lon="-5.766254994384192">
    <ele>16.73</ele>
   </trkpt>
   <trkpt lat="54.564620000000005" lon="-5.76674">
    <ele>15.9</ele>
   </trkpt>
   <trkpt lat="54.56508" lon="-5.7670900000000005">
    <ele>16.560000000000002</ele>
   </trkpt>
   <trkpt lat="54.56551" lon="-5.76733">
    <ele>17.01</ele>
   </trkpt>
   <trkpt lat="54.56629" lon="-5.76768">
    <ele>15.89</ele>
   </trkpt>
   <trkpt lat="54.56696" lon="-5.76818">
    <ele>15.55</ele>
   </trkpt>
   <trkpt lat="54.567280000000004" lon="-5.76848">
    <ele>15.490000000000002</ele>
   </trkpt>
   <trkpt lat="54.567220000000006" lon="-5.76841">
    <ele>15.55</ele>
   </trkpt>
   <trkpt lat="54.567780000000006" lon="-5.76904">
    <ele>15.500000000000002</ele>
   </trkpt>
   <trkpt lat="54.568090000000005" lon="-5.76942">
    <ele>15.31</ele>
   </trkpt>
   <trkpt lat="54.56839000000001" lon="-5.76987">
    <ele>15.39</ele>
   </trkpt>
   <trkpt lat="54.56870000000001" lon="-5.77038">
    <ele>14.89</ele>
   </trkpt>
   <trkpt lat="54.56922" lon="-5.77134">
    <ele>14.440000000000001</ele>
   </trkpt>
   <trkpt lat="54.569520000000004" lon="-5.77198">
    <ele>15.150000000000002</ele>
   </trkpt>
   <trkpt lat="54.56927" lon="-5.77242">
    <ele>16.21</ele>
   </trkpt>
   <trkpt lat="54.569160000000004" lon="-5.77268">
    <ele>17.35</ele>
   </trkpt>
   <trkpt lat="54.56911" lon="-5.77299">
    <ele>18.73</ele>
   </trkpt>
   <trkpt lat="54.569100000000006" lon="-5.77331">
    <ele>19.880000000000003</ele>
   </trkpt>
   <trkpt lat="54.56915000000001" lon="-5.77467">
    <ele>25.52</ele>
   </trkpt>
   <trkpt lat="54.569210000000005" lon="-5.775390000000001">
    <ele>28.290000000000003</ele>
   </trkpt>
   <trkpt lat="54.569410007609875" lon="-5.776749993229101">
    <ele>31.25</ele>
   </trkpt>
   <trkpt lat="54.569610000000004" lon="-5.778110000000001">
    <ele>32.6</ele>
   </trkpt>
   <trkpt lat="54.56964000000001" lon="-5.7784">
    <ele>33.28</ele>
   </trkpt>
   <trkpt lat="54.569790000000005" lon="-5.7792200000000005">
    <ele>35.71000000000001</ele>
   </trkpt>
   <trkpt lat="54.56983" lon="-5.779890000000001">
    <ele>39.089999999999996</ele>
   </trkpt>
   <trkpt lat="54.56980000000001" lon="-5.78077">
    <ele>40.57</ele>
   </trkpt>
   <trkpt lat="54.569880000000005" lon="-5.78138">
    <ele>41.43</ele>
   </trkpt>
   <trkpt lat="54.56991000000001" lon="-5.781820000000001">
    <ele>42.050000000000004</ele>
   </trkpt>
   <trkpt lat="54.570075009214975" lon="-5.783314993966007">
    <ele>44.4</ele>
   </trkpt>
   <trkpt lat="54.570240000000005" lon="-5.78481">
    <ele>46.940000000000005</ele>
   </trkpt>
   <trkpt lat="54.57029000000001" lon="-5.7851300000000005">
    <ele>47.290000000000006</ele>
   </trkpt>
   <trkpt lat="54.57036000000001" lon="-5.78544">
    <ele>47.43000000000001</ele>
   </trkpt>
   <trkpt lat="54.570570000000004" lon="-5.7860000000000005">
    <ele>46.59</ele>
   </trkpt>
   <trkpt lat="54.570750000000004" lon="-5.7862800000000005">
    <ele>45.85</ele>
   </trkpt>
   <trkpt lat="54.57119" lon="-5.7868900000000005">
    <ele>41.650000000000006</ele>
   </trkpt>
   <trkpt lat="54.571270000000005" lon="-5.78709">
    <ele>41.09</ele>
   </trkpt>
   <trkpt lat="54.57148" lon="-5.78781">
    <ele>39.830000000000005</ele>
   </trkpt>
   <trkpt lat="54.571540000000006" lon="-5.78816">
    <ele>40.220000000000006</ele>
   </trkpt>
   <trkpt lat="54.57157" lon="-5.7887200000000005">
    <ele>41.17</ele>
   </trkpt>
   <trkpt lat="54.571540000000006" lon="-5.78901">
    <ele>41.75</ele>
   </trkpt>
   <trkpt lat="54.571470000000005" lon="-5.7893300000000005">
    <ele>42.150000000000006</ele>
   </trkpt>
   <trkpt lat="54.57117" lon="-5.79035">
    <ele>43.050000000000004</ele>
   </trkpt>
   <trkpt lat="54.57103000000001" lon="-5.79086">
    <ele>44.02</ele>
   </trkpt>
   <trkpt lat="54.5709" lon="-5.7919">
    <ele>44.53000000000001</ele>
   </trkpt>
   <trkpt lat="54.570690000000006" lon="-5.79293">
    <ele>48.2</ele>
   </trkpt>
   <trkpt lat="54.570620000000005" lon="-5.79347">
    <ele>49.46</ele>
   </trkpt>
   <trkpt lat="54.570550000000004" lon="-5.7941400000000005">
    <ele>51.02</ele>
   </trkpt>
   <trkpt lat="54.570570000000004" lon="-5.79462">
    <ele>51.60000000000001</ele>
   </trkpt>
   <trkpt lat="54.57056000000001" lon="-5.79478">
    <ele>52.22</ele>
   </trkpt>
   <trkpt lat="54.570440000000005" lon="-5.79527">
    <ele>53.00000000000001</ele>
   </trkpt>
   <trkpt lat="54.57043" lon="-5.79549">
    <ele>53.03000000000001</ele>
   </trkpt>
   <trkpt lat="54.5705" lon="-5.79577">
    <ele>52.99</ele>
   </trkpt>
   <trkpt lat="54.570750000000004" lon="-5.7963000000000005">
    <ele>52.29</ele>
   </trkpt>
   <trkpt lat="54.570870000000006" lon="-5.79661">
    <ele>52.13</ele>
   </trkpt>
   <trkpt lat="54.57105000000001" lon="-5.797470000000001">
    <ele>54.46</ele>
   </trkpt>
   <trkpt lat="54.57108" lon="-5.798">
    <ele>55.09</ele>
   </trkpt>
   <trkpt lat="54.57112000000001" lon="-5.79806">
    <ele>55.470000000000006</ele>
   </trkpt>
   <trkpt lat="54.57117" lon="-5.798080000000001">
    <ele>55.63</ele>
   </trkpt>
   <trkpt lat="54.57162" lon="-5.79806">
    <ele>56.650000000000006</ele>
   </trkpt>
   <trkpt lat="54.57173" lon="-5.79811">
    <ele>57.18</ele>
   </trkpt>
   <trkpt lat="54.57177000000001" lon="-5.79816">
    <ele>57.18</ele>
   </trkpt>
   <trkpt lat="54.571360000000006" lon="-5.79877">
    <ele>62.410000000000004</ele>
   </trkpt>
   <trkpt lat="54.571020000000004" lon="-5.799390000000001">
    <ele>65.50999999999999</ele>
   </trkpt>
   <trkpt lat="54.5707" lon="-5.7999">
    <ele>69.72</ele>
   </trkpt>
   <trkpt lat="54.57065000573686" lon="-5.8010800015118305">
    <ele>74.79</ele>
   </trkpt>
   <trkpt lat="54.570600000000006" lon="-5.80226">
    <ele>74.87</ele>
   </trkpt>
   <trkpt lat="54.570570000000004" lon="-5.80259">
    <ele>74.54</ele>
   </trkpt>
   <trkpt lat="54.570330000000006" lon="-5.80381">
    <ele>67.46000000000001</ele>
   </trkpt>
   <trkpt lat="54.5703" lon="-5.80416">
    <ele>64.62</ele>
   </trkpt>
   <trkpt lat="54.57032" lon="-5.80449">
    <ele>63.300000000000004</ele>
   </trkpt>
   <trkpt lat="54.570635003367094" lon="-5.805379993410444">
    <ele>67.28</ele>
   </trkpt>
   <trkpt lat="54.57095" lon="-5.8062700000000005">
    <ele>72.39000000000001</ele>
   </trkpt>
   <trkpt lat="54.571000000000005" lon="-5.80649">
    <ele>73.27</ele>
   </trkpt>
   <trkpt lat="54.57105000000001" lon="-5.80705">
    <ele>76.68</ele>
   </trkpt>
   <trkpt lat="54.57088500613247" lon="-5.808270004959366">
    <ele>84.16000000000001</ele>
   </trkpt>
   <trkpt lat="54.57072" lon="-5.80949">
    <ele>83.99000000000001</ele>
   </trkpt>
   <trkpt lat="54.570750000000004" lon="-5.81015">
    <ele>86.3</ele>
   </trkpt>
   <trkpt lat="54.57114000000001" lon="-5.81029">
    <ele>87.59</ele>
   </trkpt>
   <trkpt lat="54.57112000000001" lon="-5.8104700000000005">
    <ele>88.17000000000002</ele>
   </trkpt>
   <trkpt lat="54.571130000000004" lon="-5.81055">
    <ele>88.17000000000002</ele>
   </trkpt>
   <trkpt lat="54.57142" lon="-5.81118">
    <ele>92.01</ele>
   </trkpt>
   <trkpt lat="54.57155" lon="-5.8116">
    <ele>96.0</ele>
   </trkpt>
   <trkpt lat="54.571600000000004" lon="-5.81209">
    <ele>97.4</ele>
   </trkpt>
   <trkpt lat="54.57159000000001" lon="-5.8131900000000005">
    <ele>96.78</ele>
   </trkpt>
   <trkpt lat="54.57151" lon="-5.81397">
    <ele>97.30000000000001</ele>
   </trkpt>
   <trkpt lat="54.57152000000001" lon="-5.8154900000000005">
    <ele>103.64000000000001</ele>
   </trkpt>
   <trkpt lat="54.571600000000004" lon="-5.81625">
    <ele>106.8</ele>
   </trkpt>
   <trkpt lat="54.571560000000005" lon="-5.81688">
    <ele>111.76</ele>
   </trkpt>
   <trkpt lat="54.571560000000005" lon="-5.8173">
    <ele>113.48</ele>
   </trkpt>
   <trkpt lat="54.571600000000004" lon="-5.81766">
    <ele>114.76000000000002</ele>
   </trkpt>
   <trkpt lat="54.57186" lon="-5.8185400000000005">
    <ele>116.97</ele>
   </trkpt>
   <trkpt lat="54.57206500294889" lon="-5.819384995773484">
    <ele>119.96000000000001</ele>
   </trkpt>
   <trkpt lat="54.57227" lon="-5.8202300000000005">
    <ele>120.91</ele>
   </trkpt>
   <trkpt lat="54.57244000000001" lon="-5.82162">
    <ele>121.35000000000001</ele>
   </trkpt>
   <trkpt lat="54.57258" lon="-5.822550000000001">
    <ele>122.01</ele>
   </trkpt>
   <trkpt lat="54.572770000000006" lon="-5.823320000000001">
    <ele>122.13000000000001</ele>
   </trkpt>
   <trkpt lat="54.57294" lon="-5.82378">
    <ele>122.32000000000001</ele>
   </trkpt>
   <trkpt lat="54.573150000000005" lon="-5.824280000000001">
    <ele>121.91</ele>
   </trkpt>
   <trkpt lat="54.57349000000001" lon="-5.8254">
    <ele>121.19</ele>
   </trkpt>
   <trkpt lat="54.57352" lon="-5.82591">
    <ele>120.82000000000001</ele>
   </trkpt>
   <trkpt lat="54.57352" lon="-5.82631">
    <ele>120.12</ele>
   </trkpt>
   <trkpt lat="54.573440000000005" lon="-5.8270800000000005">
    <ele>118.24000000000001</ele>
   </trkpt>
   <trkpt lat="54.57343" lon="-5.82732">
    <ele>118.20000000000002</ele>
   </trkpt>
   <trkpt lat="54.573460000000004" lon="-5.8279000000000005">
    <ele>118.81000000000002</ele>
   </trkpt>
   <trkpt lat="54.573440000000005" lon="-5.82814">
    <ele>120.08</ele>
   </trkpt>
   <trkpt lat="54.57327000000001" lon="-5.82894">
    <ele>120.82000000000001</ele>
   </trkpt>
   <trkpt lat="54.573220000000006" lon="-5.82936">
    <ele>120.86000000000001</ele>
   </trkpt>
   <trkpt lat="54.573170000000005" lon="-5.8303400000000005">
    <ele>122.96000000000001</ele>
   </trkpt>
   <trkpt lat="54.57318000000001" lon="-5.83161">
    <ele>123.88</ele>
   </trkpt>
   <trkpt lat="54.57323" lon="-5.832260000000001">
    <ele>124.01</ele>
   </trkpt>
   <trkpt lat="54.572500000000005" lon="-5.8326400000000005">
    <ele>122.60000000000001</ele>
   </trkpt>
   <trkpt lat="54.572390000000006" lon="-5.832730000000001">
    <ele>122.85000000000001</ele>
   </trkpt>
   <trkpt lat="54.57231" lon="-5.83297">
    <ele>122.71000000000001</ele>
   </trkpt>
   <trkpt lat="54.57227" lon="-5.83314">
    <ele>122.66</ele>
   </trkpt>
   <trkpt lat="54.57209" lon="-5.83445">
    <ele>123.33000000000001</ele>
   </trkpt>
   <trkpt lat="54.57201500237633" lon="-5.835215001774643">
    <ele>125.72</ele>
   </trkpt>
   <trkpt lat="54.571940000000005" lon="-5.83598">
    <ele>130.26999999999998</ele>
   </trkpt>
   <trkpt lat="54.57186" lon="-5.8374500000000005">
    <ele>139.34</ele>
   </trkpt>
   <trkpt lat="54.571780000000004" lon="-5.838290000000001">
    <ele>142.37000000000003</ele>
   </trkpt>
   <trkpt lat="54.57168000000001" lon="-5.83919">
    <ele>143.97</ele>
   </trkpt>
   <trkpt lat="54.57148" lon="-5.8400300000000005">
    <ele>144.14000000000001</ele>
   </trkpt>
   <trkpt lat="54.57133" lon="-5.84114">
    <ele>142.5</ele>
   </trkpt>
   <trkpt lat="54.57085000000001" lon="-5.84222">
    <ele>142.11</ele>
   </trkpt>
   <trkpt lat="54.57067000000001" lon="-5.84299">
    <ele>143.14000000000001</ele>
   </trkpt>
   <trkpt lat="54.57020000000001" lon="-5.844110000000001">
    <ele>148.94000000000003</ele>
   </trkpt>
   <trkpt lat="54.57014" lon="-5.8443700000000005">
    <ele>149.78000000000003</ele>
   </trkpt>
   <trkpt lat="54.57002000000001" lon="-5.8450500000000005">
    <ele>152.54</ele>
   </trkpt>
   <trkpt lat="54.56983" lon="-5.84574">
    <ele>156.60999999999999</ele>
   </trkpt>
   <trkpt lat="54.569770000000005" lon="-5.84604">
    <ele>156.60999999999999</ele>
   </trkpt>
   <trkpt lat="54.569700000000005" lon="-5.84665">
    <ele>159.76000000000002</ele>
   </trkpt>
   <trkpt lat="54.569770000000005" lon="-5.84761">
    <ele>163.94</ele>
   </trkpt>
   <trkpt lat="54.56983500674899" lon="-5.848889997866019">
    <ele>166.95000000000002</ele>
   </trkpt>
   <trkpt lat="54.569900000000004" lon="-5.85017">
    <ele>166.69</ele>
   </trkpt>
   <trkpt lat="54.569880000000005" lon="-5.85052">
    <ele>165.23000000000002</ele>
   </trkpt>
   <trkpt lat="54.569840000000006" lon="-5.85069">
    <ele>164.44</ele>
   </trkpt>
   <trkpt lat="54.569720000000004" lon="-5.8509400000000005">
    <ele>162.02</ele>
   </trkpt>
   <trkpt lat="54.56929" lon="-5.8516200000000005">
    <ele>154.27</ele>
   </trkpt>
   <trkpt lat="54.56897000000001" lon="-5.85207">
    <ele>148.08</ele>
   </trkpt>
   <trkpt lat="54.56882" lon="-5.85242">
    <ele>145.20000000000002</ele>
   </trkpt>
   <trkpt lat="54.568740000000005" lon="-5.85268">
    <ele>143.5</ele>
   </trkpt>
   <trkpt lat="54.56852000000001" lon="-5.853910000000001">
    <ele>139.27</ele>
   </trkpt>
   <trkpt lat="54.56828" lon="-5.8547">
    <ele>135.3</ele>
   </trkpt>
   <trkpt lat="54.56823000000001" lon="-5.85507">
    <ele>134.64000000000001</ele>
   </trkpt>
   <trkpt lat="54.568220000000004" lon="-5.85526">
    <ele>134.37</ele>
   </trkpt>
   <trkpt lat="54.568270000000005" lon="-5.85674">
    <ele>134.41</ele>
   </trkpt>
   <trkpt lat="54.56824" lon="-5.85691">
    <ele>134.43</ele>
   </trkpt>
   <trkpt lat="54.568110000000004" lon="-5.85735">
    <ele>133.91</ele>
   </trkpt>
   <trkpt lat="54.56799" lon="-5.858020000000001">
    <ele>132.70000000000002</ele>
   </trkpt>
   <trkpt lat="54.56786" lon="-5.85892">
    <ele>128.99</ele>
   </trkpt>
   <trkpt lat="54.56779" lon="-5.85918">
    <ele>126.10000000000001</ele>
   </trkpt>
   <trkpt lat="54.56758000000001" lon="-5.859800000000001">
    <ele>124.06</ele>
   </trkpt>
   <trkpt lat="54.567330000000005" lon="-5.86068">
    <ele>121.31000000000002</ele>
   </trkpt>
   <trkpt lat="54.567280000000004" lon="-5.860900000000001">
    <ele>122.34</ele>
   </trkpt>
   <trkpt lat="54.567190000000004" lon="-5.86167">
    <ele>121.3</ele>
   </trkpt>
   <trkpt lat="54.56700000000001" lon="-5.86286">
    <ele>119.63000000000001</ele>
   </trkpt>
   <trkpt lat="54.566970000000005" lon="-5.8633500000000005">
    <ele>119.79</ele>
   </trkpt>
   <trkpt lat="54.56705" lon="-5.86399">
    <ele>120.55</ele>
   </trkpt>
   <trkpt lat="54.56729000000001" lon="-5.864750000000001">
    <ele>121.87</ele>
   </trkpt>
   <trkpt lat="54.567460000000004" lon="-5.86547">
    <ele>119.07000000000001</ele>
   </trkpt>
   <trkpt lat="54.567550000000004" lon="-5.866160000000001">
    <ele>116.12000000000002</ele>
   </trkpt>
   <trkpt lat="54.56754" lon="-5.86636">
    <ele>115.85000000000001</ele>
   </trkpt>
   <trkpt lat="54.56747000000001" lon="-5.8665400000000005">
    <ele>115.52000000000001</ele>
   </trkpt>
   <trkpt lat="54.56725" lon="-5.86666">
    <ele>116.03</ele>
   </trkpt>
   <trkpt lat="54.567130000000006" lon="-5.86666">
    <ele>116.34</ele>
   </trkpt>
   <trkpt lat="54.566990000000004" lon="-5.86662">
    <ele>117.29</ele>
   </trkpt>
   <trkpt lat="54.566840000000006" lon="-5.8665400000000005">
    <ele>117.74000000000001</ele>
   </trkpt>
   <trkpt lat="54.56671000000001" lon="-5.86643">
    <ele>119.10000000000001</ele>
   </trkpt>
   <trkpt lat="54.566610000000004" lon="-5.86638">
    <ele>119.59000000000002</ele>
   </trkpt>
   <trkpt lat="54.566570000000006" lon="-5.86638">
    <ele>119.76</ele>
   </trkpt>
   <trkpt lat="54.566520000000004" lon="-5.86643">
    <ele>119.85000000000001</ele>
   </trkpt>
   <trkpt lat="54.566480000000006" lon="-5.86652">
    <ele>119.88000000000001</ele>
   </trkpt>
   <trkpt lat="54.566480000000006" lon="-5.8666100000000005">
    <ele>119.87</ele>
   </trkpt>
   <trkpt lat="54.566520000000004" lon="-5.8667300000000004">
    <ele>119.65</ele>
   </trkpt>
   <trkpt lat="54.56662000000001" lon="-5.86688">
    <ele>119.65</ele>
   </trkpt>
   <trkpt lat="54.56676" lon="-5.86704">
    <ele>119.24000000000001</ele>
   </trkpt>
   <trkpt lat="54.567190000000004" lon="-5.86735">
    <ele>118.11</ele>
   </trkpt>
   <trkpt lat="54.567260000000005" lon="-5.8674800000000005">
    <ele>118.25</ele>
   </trkpt>
   <trkpt lat="54.567310000000006" lon="-5.86763">
    <ele>118.55000000000001</ele>
   </trkpt>
   <trkpt lat="54.567330000000005" lon="-5.86796">
    <ele>119.55</ele>
   </trkpt>
   <trkpt lat="54.56729000000001" lon="-5.86821">
    <ele>121.79</ele>
   </trkpt>
   <trkpt lat="54.56700251708201" lon="-5.869385024826274">
    <ele>129.84</ele>
   </trkpt>
   <trkpt lat="54.56671502278107" lon="-5.870560033080405">
    <ele>134.31</ele>
   </trkpt>
   <trkpt lat="54.566427517097466" lon="-5.871735024762145">
    <ele>139.85</ele>
   </trkpt>
   <trkpt lat="54.566140000000004" lon="-5.87291">
    <ele>143.3</ele>
   </trkpt>
   <trkpt lat="54.56579000000001" lon="-5.87391">
    <ele>142.34000000000003</ele>
   </trkpt>
   <trkpt lat="54.56571" lon="-5.87455">
    <ele>138.18000000000004</ele>
   </trkpt>
   <trkpt lat="54.5654266828335" lon="-5.875950019423285">
    <ele>126.64</ele>
   </trkpt>
   <trkpt lat="54.56514334950716" lon="-5.877350019388259">
    <ele>120.51</ele>
   </trkpt>
   <trkpt lat="54.56486" lon="-5.87875">
    <ele>118.02000000000001</ele>
   </trkpt>
   <trkpt lat="54.564710000000005" lon="-5.879600000000001">
    <ele>112.79</ele>
   </trkpt>
   <trkpt lat="54.56454" lon="-5.88037">
    <ele>107.55000000000001</ele>
   </trkpt>
   <trkpt lat="54.56438000000001" lon="-5.88095">
    <ele>105.14000000000001</ele>
   </trkpt>
   <trkpt lat="54.563930000000006" lon="-5.8822">
    <ele>103.72</ele>
   </trkpt>
   <trkpt lat="54.56356752203803" lon="-5.883535035620194">
    <ele>106.88</ele>
   </trkpt>
   <trkpt lat="54.563205029381294" lon="-5.884870047502703">
    <ele>115.08000000000001</ele>
   </trkpt>
   <trkpt lat="54.562842522030266" lon="-5.886205035647308">
    <ele>120.24000000000001</ele>
   </trkpt>
   <trkpt lat="54.56248000000001" lon="-5.88754">
    <ele>119.27000000000001</ele>
   </trkpt>
   <trkpt lat="54.562270000000005" lon="-5.88816">
    <ele>116.29</ele>
   </trkpt>
   <trkpt lat="54.562090000000005" lon="-5.888540000000001">
    <ele>112.73</ele>
   </trkpt>
   <trkpt lat="54.561870000000006" lon="-5.88898">
    <ele>110.05000000000001</ele>
   </trkpt>
   <trkpt lat="54.56174000000001" lon="-5.88919">
    <ele>110.49000000000001</ele>
   </trkpt>
   <trkpt lat="54.56152" lon="-5.88949">
    <ele>111.18</ele>
   </trkpt>
   <trkpt lat="54.561280000000004" lon="-5.88977">
    <ele>111.55000000000001</ele>
   </trkpt>
   <trkpt lat="54.560900000000004" lon="-5.89008">
    <ele>112.15</ele>
   </trkpt>
   <trkpt lat="54.56069" lon="-5.8901900000000005">
    <ele>112.34</ele>
   </trkpt>
   <trkpt lat="54.55995000000001" lon="-5.89045">
    <ele>112.81</ele>
   </trkpt>
   <trkpt lat="54.55932000000001" lon="-5.8906">
    <ele>114.37</ele>
   </trkpt>
   <trkpt lat="54.55904" lon="-5.89064">
    <ele>114.99000000000001</ele>
   </trkpt>
   <trkpt lat="54.55841" lon="-5.8906600000000005">
    <ele>115.27000000000001</ele>
   </trkpt>
   <trkpt lat="54.55819" lon="-5.89069">
    <ele>115.48</ele>
   </trkpt>
   <trkpt lat="54.55798000000001" lon="-5.89078">
    <ele>115.98000000000002</ele>
   </trkpt>
   <trkpt lat="54.55778" lon="-5.8909">
    <ele>116.61</ele>
   </trkpt>
   <trkpt lat="54.557550000000006" lon="-5.89111">
    <ele>116.61</ele>
   </trkpt>
   <trkpt lat="54.557280000000006" lon="-5.891430000000001">
    <ele>117.35000000000001</ele>
   </trkpt>
   <trkpt lat="54.55685500135451" lon="-5.892020006260346">
    <ele>117.69</ele>
   </trkpt>
   <trkpt lat="54.556430000000006" lon="-5.89261">
    <ele>117.82000000000001</ele>
   </trkpt>
   <trkpt lat="54.556180000000005" lon="-5.8929100000000005">
    <ele>118.0</ele>
   </trkpt>
   <trkpt lat="54.55613" lon="-5.89282">
    <ele>118.15</ele>
   </trkpt>
   <trkpt lat="54.55603000000001" lon="-5.892830000000001">
    <ele>118.15</ele>
   </trkpt>
   <trkpt lat="54.555980000000005" lon="-5.89292">
    <ele>118.18</ele>
   </trkpt>
   <trkpt lat="54.55597" lon="-5.89297">
    <ele>118.18</ele>
   </trkpt>
   <trkpt lat="54.55599" lon="-5.893090000000001">
    <ele>118.18</ele>
   </trkpt>
   <trkpt lat="54.555450001466795" lon="-5.893695008057652">
    <ele>119.13000000000001</ele>
   </trkpt>
   <trkpt lat="54.55491000000001" lon="-5.8943">
    <ele>117.85000000000001</ele>
   </trkpt>
   <trkpt lat="54.554680000000005" lon="-5.89451">
    <ele>116.06</ele>
   </trkpt>
   <trkpt lat="54.55443" lon="-5.8947">
    <ele>114.78</ele>
   </trkpt>
   <trkpt lat="54.554100000000005" lon="-5.894880000000001">
    <ele>114.42</ele>
   </trkpt>
   <trkpt lat="54.553720000000006" lon="-5.89503">
    <ele>112.66000000000001</ele>
   </trkpt>
   <trkpt lat="54.55311333364444" lon="-5.89523667282834">
    <ele>110.47000000000001</ele>
   </trkpt>
   <trkpt lat="54.552506666936665" lon="-5.8954433395089">
    <ele>109.58000000000001</ele>
   </trkpt>
   <trkpt lat="54.5519" lon="-5.895650000000001">
    <ele>109.01</ele>
   </trkpt>
   <trkpt lat="54.55156" lon="-5.89587">
    <ele>109.01</ele>
   </trkpt>
   <trkpt lat="54.551410000000004" lon="-5.89599">
    <ele>109.01</ele>
   </trkpt>
   <trkpt lat="54.55125" lon="-5.8961500000000004">
    <ele>109.25000000000001</ele>
   </trkpt>
   <trkpt lat="54.55096" lon="-5.89662">
    <ele>109.87</ele>
   </trkpt>
   <trkpt lat="54.550700000000006" lon="-5.8972500000000005">
    <ele>112.45</ele>
   </trkpt>
   <trkpt lat="54.55040000302263" lon="-5.898110006401516">
    <ele>118.75</ele>
   </trkpt>
   <trkpt lat="54.55010000000001" lon="-5.89897">
    <ele>123.02</ele>
   </trkpt>
   <trkpt lat="54.54988" lon="-5.89951">
    <ele>125.62</ele>
   </trkpt>
   <trkpt lat="54.54956000000001" lon="-5.90017">
    <ele>125.58</ele>
   </trkpt>
   <trkpt lat="54.54906667387872" lon="-5.901103355853049">
    <ele>122.4</ele>
   </trkpt>
   <trkpt lat="54.548573340573796" lon="-5.902036689132253">
    <ele>116.74000000000001</ele>
   </trkpt>
   <trkpt lat="54.548080000000006" lon="-5.902970000000001">
    <ele>110.49000000000001</ele>
   </trkpt>
   <trkpt lat="54.547940000000004" lon="-5.90319">
    <ele>107.85000000000001</ele>
   </trkpt>
   <trkpt lat="54.547790000000006" lon="-5.90338">
    <ele>106.58000000000001</ele>
   </trkpt>
   <trkpt lat="54.54766000000001" lon="-5.9035">
    <ele>103.73</ele>
   </trkpt>
   <trkpt lat="54.54701000000001" lon="-5.903950000000001">
    <ele>99.62000000000002</ele>
   </trkpt>
   <trkpt lat="54.546800000000005" lon="-5.9041500000000005">
    <ele>99.0</ele>
   </trkpt>
   <trkpt lat="54.54666" lon="-5.90437">
    <ele>98.28</ele>
   </trkpt>
   <trkpt lat="54.54656000000001" lon="-5.90463">
    <ele>97.86</ele>
   </trkpt>
   <trkpt lat="54.547180000000004" lon="-5.90505">
    <ele>98.58000000000001</ele>
   </trkpt>
   <trkpt lat="54.54777000000001" lon="-5.905410000000001">
    <ele>97.96000000000001</ele>
   </trkpt>
   <trkpt lat="54.548370000982054" lon="-5.905889992966095">
    <ele>96.75</ele>
   </trkpt>
   <trkpt lat="54.548970000000004" lon="-5.906370000000001">
    <ele>94.01</ele>
   </trkpt>
   <trkpt lat="54.54962250393903" lon="-5.906934972879974">
    <ele>90.33000000000001</ele>
   </trkpt>
   <trkpt lat="54.55027500524579" lon="-5.907499963833851">
    <ele>88.24000000000001</ele>
   </trkpt>
   <trkpt lat="54.550927503920164" lon="-5.908064972862577">
    <ele>86.45000000000002</ele>
   </trkpt>
   <trkpt lat="54.55158" lon="-5.9086300000000005">
    <ele>84.0</ele>
   </trkpt>
   <trkpt lat="54.55198000000001" lon="-5.90892">
    <ele>82.36</ele>
   </trkpt>
   <trkpt lat="54.552290000000006" lon="-5.90908">
    <ele>80.78</ele>
   </trkpt>
   <trkpt lat="54.55246" lon="-5.90915">
    <ele>80.78</ele>
   </trkpt>
   <trkpt lat="54.552760000000006" lon="-5.9092">
    <ele>79.49000000000001</ele>
   </trkpt>
   <trkpt lat="54.553070000000005" lon="-5.90918">
    <ele>78.60000000000001</ele>
   </trkpt>
   <trkpt lat="54.55342" lon="-5.90908">
    <ele>76.26</ele>
   </trkpt>
   <trkpt lat="54.55357000000001" lon="-5.90901">
    <ele>76.26</ele>
   </trkpt>
   <trkpt lat="54.55397000000001" lon="-5.90875">
    <ele>74.06</ele>
   </trkpt>
   <trkpt lat="54.554485000857895" lon="-5.908295005741319">
    <ele>72.93</ele>
   </trkpt>
   <trkpt lat="54.55500000000001" lon="-5.90784">
    <ele>71.7</ele>
   </trkpt>
   <trkpt lat="54.555200000000006" lon="-5.9077">
    <ele>70.55</ele>
   </trkpt>
   <trkpt lat="54.55552" lon="-5.90763">
    <ele>69.68</ele>
   </trkpt>
   <trkpt lat="54.555670000000006" lon="-5.907640000000001">
    <ele>69.45000000000002</ele>
   </trkpt>
   <trkpt lat="54.55586" lon="-5.907710000000001">
    <ele>69.38000000000001</ele>
   </trkpt>
   <trkpt lat="54.55643333441565" lon="-5.908073323113957">
    <ele>67.85000000000001</ele>
   </trkpt>
   <trkpt lat="54.557006667742826" lon="-5.908436656443214">
    <ele>65.73</ele>
   </trkpt>
   <trkpt lat="54.55758" lon="-5.9088">
    <ele>63.61</ele>
   </trkpt>
   <trkpt lat="54.55803" lon="-5.909020000000001">
    <ele>62.5</ele>
   </trkpt>
   <trkpt lat="54.55865999992748" lon="-5.909164997723304">
    <ele>59.61</ele>
   </trkpt>
   <trkpt lat="54.559290000000004" lon="-5.9093100000000005">
    <ele>57.82</ele>
   </trkpt>
   <trkpt lat="54.55992000008395" lon="-5.909439997994526">
    <ele>55.38</ele>
   </trkpt>
   <trkpt lat="54.560550000000006" lon="-5.90957">
    <ele>53.44</ele>
   </trkpt>
   <trkpt lat="54.56104499994826" lon="-5.909644999078199">
    <ele>51.730000000000004</ele>
   </trkpt>
   <trkpt lat="54.56154000000001" lon="-5.90972">
    <ele>49.99000000000001</ele>
   </trkpt>
   <trkpt lat="54.561530000000005" lon="-5.909820000000001">
    <ele>50.11</ele>
   </trkpt>
   <trkpt lat="54.562090000000005" lon="-5.90993">
    <ele>47.52</ele>
   </trkpt>
   <trkpt lat="54.5626" lon="-5.910100000000001">
    <ele>45.63</ele>
   </trkpt>
   <trkpt lat="54.56313" lon="-5.91042">
    <ele>43.25</ele>
   </trkpt>
   <trkpt lat="54.563950000000006" lon="-5.91103">
    <ele>39.17</ele>
   </trkpt>
   <trkpt lat="54.56450000101181" lon="-5.911534993151352">
    <ele>37.62</ele>
   </trkpt>
   <trkpt lat="54.56505000000001" lon="-5.91204">
    <ele>35.94</ele>
   </trkpt>
   <trkpt lat="54.565160000000006" lon="-5.91216">
    <ele>35.63</ele>
   </trkpt>
   <trkpt lat="54.56521000000001" lon="-5.912280000000001">
    <ele>35.63</ele>
   </trkpt>
   <trkpt lat="54.56533" lon="-5.91237">
    <ele>35.32</ele>
   </trkpt>
   <trkpt lat="54.565380000000005" lon="-5.91251">
    <ele>35.31</ele>
   </trkpt>
   <trkpt lat="54.56546" lon="-5.91248">
    <ele>35.31</ele>
   </trkpt>
   <trkpt lat="54.56550000000001" lon="-5.9125000000000005">
    <ele>34.74</ele>
   </trkpt>
   <trkpt lat="54.56601000117932" lon="-5.913029993392191">
    <ele>33.78</ele>
   </trkpt>
   <trkpt lat="54.566520000000004" lon="-5.91356">
    <ele>32.29</ele>
   </trkpt>
   <trkpt lat="54.56665" lon="-5.91361">
    <ele>31.86</ele>
   </trkpt>
   <trkpt lat="54.566770000000005" lon="-5.9137200000000005">
    <ele>31.77</ele>
   </trkpt>
   <trkpt lat="54.566880000000005" lon="-5.913760000000001">
    <ele>31.720000000000006</ele>
   </trkpt>
   <trkpt lat="54.56736500001776" lon="-5.9138049994655155">
    <ele>30.070000000000004</ele>
   </trkpt>
   <trkpt lat="54.56785000000001" lon="-5.91385">
    <ele>29.34</ele>
   </trkpt>
   <trkpt lat="54.56792000000001" lon="-5.913930000000001">
    <ele>29.34</ele>
   </trkpt>
   <trkpt lat="54.56795" lon="-5.91417">
    <ele>29.240000000000002</ele>
   </trkpt>
   <trkpt lat="54.56776000000001" lon="-5.9154100000000005">
    <ele>28.78</ele>
   </trkpt>
   <trkpt lat="54.56779" lon="-5.91542">
    <ele>28.78</ele>
   </trkpt>
   <trkpt lat="54.567730000000005" lon="-5.916060000000001">
    <ele>28.53</ele>
   </trkpt>
   <trkpt lat="54.56776000000001" lon="-5.91661">
    <ele>28.28</ele>
   </trkpt>
   <trkpt lat="54.56786" lon="-5.917350000000001">
    <ele>28.28</ele>
   </trkpt>
   <trkpt lat="54.56806667529983" lon="-5.918373322955232">
    <ele>27.37</ele>
   </trkpt>
   <trkpt lat="54.5682733419661" lon="-5.919396656286362">
    <ele>26.950000000000003</ele>
   </trkpt>
   <trkpt lat="54.56848" lon="-5.920420000000001">
    <ele>26.3</ele>
   </trkpt>
   <trkpt lat="54.56877000000001" lon="-5.92142">
    <ele>24.57</ele>
   </trkpt>
   <trkpt lat="54.568810000000006" lon="-5.9216500000000005">
    <ele>22.770000000000003</ele>
   </trkpt>
   <trkpt lat="54.56884" lon="-5.92222">
    <ele>22.19</ele>
   </trkpt>
   <trkpt lat="54.568780000000004" lon="-5.92269">
    <ele>20.75</ele>
   </trkpt>
   <trkpt lat="54.56870000000001" lon="-5.92299">
    <ele>19.26</ele>
   </trkpt>
   <trkpt lat="54.56853" lon="-5.9234100000000005">
    <ele>18.500000000000004</ele>
   </trkpt>
   <trkpt lat="54.56850000000001" lon="-5.9235500000000005">
    <ele>17.88</ele>
   </trkpt>
   <trkpt lat="54.56848" lon="-5.92377">
    <ele>17.54</ele>
   </trkpt>
   <trkpt lat="54.568490000000004" lon="-5.92393">
    <ele>17.54</ele>
   </trkpt>
   <trkpt lat="54.568580000000004" lon="-5.92426">
    <ele>16.34</ele>
   </trkpt>
   <trkpt lat="54.568670000000004" lon="-5.9244">
    <ele>15.66</ele>
   </trkpt>
   <trkpt lat="54.568760000000005" lon="-5.92447">
    <ele>15.66</ele>
   </trkpt>
   <trkpt lat="54.56891" lon="-5.92452">
    <ele>14.13</ele>
   </trkpt>
   <trkpt lat="54.56917000000001" lon="-5.9244900000000005">
    <ele>12.92</ele>
   </trkpt>
   <trkpt lat="54.56949" lon="-5.9245600000000005">
    <ele>10.55</ele>
   </trkpt>
   <trkpt lat="54.56964000000001" lon="-5.9246300000000005">
    <ele>10.55</ele>
   </trkpt>
   <trkpt lat="54.569900000000004" lon="-5.9248400000000006">
    <ele>9.79</ele>
   </trkpt>
   <trkpt lat="54.57035500121602" lon="-5.925359994311555">
    <ele>7.7700000000000005</ele>
   </trkpt>
   <trkpt lat="54.57081" lon="-5.92588">
    <ele>6.72</ele>
   </trkpt>
   <trkpt lat="54.57141000000001" lon="-5.926590000000001">
    <ele>5.9</ele>
   </trkpt>
   <trkpt lat="54.571940000000005" lon="-5.927300000000001">
    <ele>5.630000000000001</ele>
   </trkpt>
   <trkpt lat="54.572410001757795" lon="-5.927939992714665">
    <ele>5.64</ele>
   </trkpt>
   <trkpt lat="54.572880000000005" lon="-5.92858">
    <ele>5.53</ele>
   </trkpt>
   <trkpt lat="54.57340000000001" lon="-5.92907">
    <ele>5.53</ele>
   </trkpt>
   <trkpt lat="54.57349000000001" lon="-5.929130000000001">
    <ele>5.5600000000000005</ele>
   </trkpt>
   <trkpt lat="54.57406500045544" lon="-5.929469995190833">
    <ele>5.46</ele>
   </trkpt>
   <trkpt lat="54.57464" lon="-5.929810000000001">
    <ele>5.540000000000001</ele>
   </trkpt>
   <trkpt lat="54.57489" lon="-5.92992">
    <ele>5.74</ele>
   </trkpt>
   <trkpt lat="54.57502" lon="-5.930090000000001">
    <ele>6.04</ele>
   </trkpt>
   <trkpt lat="54.57508000000001" lon="-5.93022">
    <ele>6.5200000000000005</ele>
   </trkpt>
   <trkpt lat="54.57511" lon="-5.93036">
    <ele>6.5200000000000005</ele>
   </trkpt>
   <trkpt lat="54.574920000000006" lon="-5.93144">
    <ele>7.010000000000001</ele>
   </trkpt>
   <trkpt lat="54.574850000000005" lon="-5.93153">
    <ele>6.5</ele>
   </trkpt>
   <trkpt lat="54.57468000000001" lon="-5.93167">
    <ele>6.17</ele>
   </trkpt>
   <trkpt lat="54.574560000000005" lon="-5.9317">
    <ele>6.17</ele>
   </trkpt>
   <trkpt lat="54.57433" lon="-5.93186">
    <ele>5.99</ele>
   </trkpt>
   <trkpt lat="54.57395" lon="-5.93229">
    <ele>6.300000000000001</ele>
   </trkpt>
   <trkpt lat="54.573840000000004" lon="-5.93247">
    <ele>6.640000000000001</ele>
   </trkpt>
   <trkpt lat="54.573780000000006" lon="-5.932600000000001">
    <ele>6.640000000000001</ele>
   </trkpt>
   <trkpt lat="54.573730000000005" lon="-5.9325600000000005">
    <ele>6.640000000000001</ele>
   </trkpt>
   <trkpt lat="54.57367000000001" lon="-5.932600000000001">
    <ele>6.69</ele>
   </trkpt>
   <trkpt lat="54.573640000000005" lon="-5.93268">
    <ele>6.69</ele>
   </trkpt>
   <trkpt lat="54.573640000000005" lon="-5.93278">
    <ele>6.69</ele>
   </trkpt>
   <trkpt lat="54.57303666874841" lon="-5.933283348240291">
    <ele>7.53</ele>
   </trkpt>
   <trkpt lat="54.57243333540818" lon="-5.933786681579096">
    <ele>8.540000000000001</ele>
   </trkpt>
   <trkpt lat="54.571830000000006" lon="-5.934290000000001">
    <ele>10.4</ele>
   </trkpt>
   <trkpt lat="54.571450000000006" lon="-5.9347">
    <ele>11.330000000000002</ele>
   </trkpt>
   <trkpt lat="54.571200000000005" lon="-5.93503">
    <ele>12.910000000000002</ele>
   </trkpt>
   <trkpt lat="54.570930000000004" lon="-5.9356100000000005">
    <ele>14.350000000000001</ele>
   </trkpt>
   <trkpt lat="54.5707" lon="-5.9363600000000005">
    <ele>16.98</ele>
   </trkpt>
   <trkpt lat="54.57038000537439" lon="-5.9375000088877075">
    <ele>23.630000000000003</ele>
   </trkpt>
   <trkpt lat="54.570060000000005" lon="-5.93864">
    <ele>27.360000000000003</ele>
   </trkpt>
   <trkpt lat="54.56993000000001" lon="-5.9393">
    <ele>27.990000000000002</ele>
   </trkpt>
   <trkpt lat="54.56985" lon="-5.93991">
    <ele>28.810000000000002</ele>
   </trkpt>
   <trkpt lat="54.569756678607696" lon="-5.941113338802274">
    <ele>27.57</ele>
   </trkpt>
   <trkpt lat="54.569663345277526" lon="-5.942316672094515">
    <ele>27.69</ele>
   </trkpt>
   <trkpt lat="54.569570000000006" lon="-5.94352">
    <ele>28.39</ele>
   </trkpt>
   <trkpt lat="54.56964000000001" lon="-5.9443600000000005">
    <ele>28.01</ele>
   </trkpt>
   <trkpt lat="54.56980000345882" lon="-5.945274996452466">
    <ele>26.51</ele>
   </trkpt>
   <trkpt lat="54.56996" lon="-5.9461900000000005">
    <ele>24.17</ele>
   </trkpt>
   <trkpt lat="54.56998" lon="-5.946510000000001">
    <ele>23.700000000000003</ele>
   </trkpt>
   <trkpt lat="54.56998" lon="-5.94704">
    <ele>23.110000000000003</ele>
   </trkpt>
   <trkpt lat="54.569660000000006" lon="-5.94707">
    <ele>22.79</ele>
   </trkpt>
   <trkpt lat="54.569370000000006" lon="-5.94723">
    <ele>22.67</ele>
   </trkpt>
   <trkpt lat="54.56911" lon="-5.947500000000001">
    <ele>22.750000000000004</ele>
   </trkpt>
   <trkpt lat="54.56872500113096" lon="-5.948030005042627">
    <ele>23.83</ele>
   </trkpt>
   <trkpt lat="54.568340000000006" lon="-5.9485600000000005">
    <ele>26.310000000000002</ele>
   </trkpt>
   <trkpt lat="54.567980000000006" lon="-5.94892">
    <ele>26.96</ele>
   </trkpt>
   <trkpt lat="54.567750000000004" lon="-5.9491000000000005">
    <ele>27.700000000000003</ele>
   </trkpt>
   <trkpt lat="54.56691000132358" lon="-5.949640011048309">
    <ele>29.880000000000003</ele>
   </trkpt>
   <trkpt lat="54.56607" lon="-5.9501800000000005">
    <ele>30.050000000000004</ele>
   </trkpt>
   <trkpt lat="54.56581670221852" lon="-5.948866625860405">
    <ele>31.450000000000006</ele>
   </trkpt>
   <trkpt lat="54.56556339021556" lon="-5.9475532680409655">
    <ele>31.51</ele>
   </trkpt>
   <trkpt lat="54.565310063991454" lon="-5.946239926542245">
    <ele>30.580000000000002</ele>
   </trkpt>
   <trkpt lat="54.565056723546526" lon="-5.9449266013648066">
    <ele>28.37</ele>
   </trkpt>
   <trkpt lat="54.56480336888105" lon="-5.943613292509207">
    <ele>25.740000000000002</ele>
   </trkpt>
   <trkpt lat="54.564550000000004" lon="-5.9423">
    <ele>23.71</ele>
   </trkpt>
  </trkseg>
 </trk>
</gpx>
